,PHCS | PPO,QTC MEDICAL GROUP | PPO,MULTIPLAN | PPO,FIRST HEALTH NETWORK | PPO,HUMANA | PPO,CRESCENT | PPO,AETNA | HMO/PPO,BCBS NC | HMO/PPO,UNITEDHEALTHCARE | HMO/PPO,MEDCOST | PPO,CIGNA | HMO/PPO,ALIGNMENT HEALTH | MEDICARE ADVANTAGE,CIGNA | MEDICARE ADVANTAGE,VA MEDICAID | MEDICAID,DUKE PLUS | COMMERCIAL,TROY MEDICARE | MEDICARE ADVANTAGE,AETNA | POS,CIGNA | COMMERCIAL CHOICE,BCBS | PPO,HUMANA | COMMERCIAL CHOICE,AETNA | PPO,CIGNA | COMMERCIAL,CIGNA | HMO,CIGNA | POS,CIGNA | PPO,GOLDEN RULE INSURANCE | COMMERCIAL,UNITEDHEALTHCARE | COMMERCIAL,UNITEDHEALTHCARE | COMMERCIAL CHOICE,OXFORD HEALTH PLANS | COMMERCIAL,UNITEDHEALTHCARE | POS,BCBS | COMMERCIAL,AETNA | COMMERCIAL CHOICE,MAIL HANDLERS BENEFIT PLAN | GOVERNMENT,AETNA | HMO,FIRST HEALTH NETWORK | HMO,UNITEDHEALTHCARE | EXCHANGE,UNITEDHEALTHCARE | PPO,UNITEDHEALTHCARE | HMO,AETNA | COMMERCIAL,MEDICAID / MANAGED MEDICAID | MEDICAID MANAGED CARE,MEDICAID / MANAGED MEDICAID | COMMERCIAL,UNITEDHEALTHCARE | MEDICARE ADVANTAGE,WELLCARE | MEDICARE ADVANTAGE,FIRST MEDICARE DIRECT | MEDICARE ADVANTAGE,HUMANA | HMO,HUMANA | MEDICARE ADVANTAGE,AETNA | MEDICARE ADVANTAGE,OSCAR HEALTH | MEDICARE ADVANTAGE HMO,ALIGNMENT HEALTH | HMO,HEALTH TEAM ADVANTAGE | MEDICARE ADVANTAGE,BCBS | MEDICARE ADVANTAGE,TRICARE | HMO,TRICARE | COMMERCIAL,LONGEVITY HEALTH PLAN | MEDICARE,TROY MEDICARE | MEDICARE ADVANTAGE HMO,APEXHEALTH MEDICARE ADVANTAGE | MEDICARE ADVANTAGE HMO,ALIGNMENT HEALTH | MEDICARE,HUMANA | MEDICARE ADVANTAGE HMO,UNITEDHEALTHCARE | MEDICARE ADVANTAGE HMO,WELLCARE | MEDICARE ADVANTAGE HMO,AETNA | MEDICARE,BCBS NC | MEDICARE,UNITEDHEALTHCARE | MEDICAID,SUNSHINE STATE HEALTH PLAN | MEDICAID,AETNA | MEDICAID MANAGED CARE,BCBS | EXCHANGE,BCBS | EMPLOYEE PLAN,ABSOLUTE TOTAL CARE | EXCHANGE,BCBS | HMO,CLOVER HEALTH | MEDICARE ADVANTAGE,OPTUM HEALTH CARE SOLUTIONS | MEDICARE ADVANTAGE,MEDCOST | COMMERCIAL,CIGNA | EXCHANGE,MOLINA HEALTHCARE | MEDICARE ADVANTAGE,MOLINA HEALTHCARE | EXCHANGE,ABSOLUTE TOTAL CARE | MEDICAID MANAGED CARE,BCBS | MEDICAID MANAGED CARE,MOLINA HEALTHCARE | DUAL-ELIGIBLE MANAGED CARE,MOLINA HEALTHCARE | MEDICAID MANAGED CARE
PHCS | PPO,0.0,0.0,0.0,0.0,0.05716205324083047,0.1303633841860501,0.14310054619022522,0.22314548474427895,0.23854235646116936,0.2847218682756591,0.3162366151636894,0.698489707114895,0.7033796924090869,0.7231823197052667,0.7231823197052667,0.7231823197052667,0.956639973985351,0.9594608907014404,0.9712532732901955,1.0921854659815748,1.1088448005172513,1.150566463981309,1.150566463981309,1.150566463981309,1.150566463981309,1.2125727022737693,1.2125727022737693,1.2125727022737693,1.2125727022737693,1.2125727022737693,1.2333031285253062,1.2713637333241694,1.2713637333241694,1.2713637333241694,1.2713637333241694,1.2816290849195777,1.455709939233028,1.5937416627135161,1.6647908840853103,1.732862649475227,1.7623724001898278,2.6072263479818427,2.611976608632418,2.611976608632418,2.611976608632418,2.611976608632418,2.6409641919965128,2.654386435387374,2.6607670362499882,2.6607670362499882,2.69122630076987,2.69122630076987,2.69122630076987,3.540010461103861,3.540010461103861,3.540010461103861,3.5496529624921207,3.5595252449848704,3.5693587030810807,3.5693587030810807,3.5693587030810807,3.5693587030810807,4.348743971494251,4.3781980515114,4.388108321533731,5.651769237485082,5.669423191957541,5.765405001487048,5.772872574687762,5.790074172321853,5.903340135128353,6.051283254201457,6.2353864227401266,6.539347785628127,6.614637671755035,6.618828853298133,6.670970124944821,6.716099010766853,6.996613201824073
QTC MEDICAL GROUP | PPO,0.0,0.0,0.0,0.0,0.05716205324083047,0.1303633841860501,0.14310054619022522,0.22314548474427895,0.23854235646116936,0.2847218682756591,0.3162366151636894,0.698489707114895,0.7033796924090869,0.7231823197052667,0.7231823197052667,0.7231823197052667,0.956639973985351,0.9594608907014404,0.9712532732901955,1.0921854659815748,1.1088448005172513,1.150566463981309,1.150566463981309,1.150566463981309,1.150566463981309,1.2125727022737693,1.2125727022737693,1.2125727022737693,1.2125727022737693,1.2125727022737693,1.2333031285253062,1.2713637333241694,1.2713637333241694,1.2713637333241694,1.2713637333241694,1.2816290849195777,1.455709939233028,1.5937416627135161,1.6647908840853103,1.732862649475227,1.7623724001898278,2.6072263479818427,2.611976608632418,2.611976608632418,2.611976608632418,2.611976608632418,2.6409641919965128,2.654386435387374,2.6607670362499882,2.6607670362499882,2.69122630076987,2.69122630076987,2.69122630076987,3.540010461103861,3.540010461103861,3.540010461103861,3.5496529624921207,3.5595252449848704,3.5693587030810807,3.5693587030810807,3.5693587030810807,3.5693587030810807,4.348743971494251,4.3781980515114,4.388108321533731,5.651769237485082,5.669423191957541,5.765405001487048,5.772872574687762,5.790074172321853,5.903340135128353,6.051283254201457,6.2353864227401266,6.539347785628127,6.614637671755035,6.618828853298133,6.670970124944821,6.716099010766853,6.996613201824073
MULTIPLAN | PPO,0.0,0.0,0.0,0.0,0.05716205324083047,0.1303633841860501,0.14310054619022522,0.22314548474427895,0.23854235646116936,0.2847218682756591,0.3162366151636894,0.698489707114895,0.7033796924090869,0.7231823197052667,0.7231823197052667,0.7231823197052667,0.956639973985351,0.9594608907014404,0.9712532732901955,1.0921854659815748,1.1088448005172513,1.150566463981309,1.150566463981309,1.150566463981309,1.150566463981309,1.2125727022737693,1.2125727022737693,1.2125727022737693,1.2125727022737693,1.2125727022737693,1.2333031285253062,1.2713637333241694,1.2713637333241694,1.2713637333241694,1.2713637333241694,1.2816290849195777,1.455709939233028,1.5937416627135161,1.6647908840853103,1.732862649475227,1.7623724001898278,2.6072263479818427,2.611976608632418,2.611976608632418,2.611976608632418,2.611976608632418,2.6409641919965128,2.654386435387374,2.6607670362499882,2.6607670362499882,2.69122630076987,2.69122630076987,2.69122630076987,3.540010461103861,3.540010461103861,3.540010461103861,3.5496529624921207,3.5595252449848704,3.5693587030810807,3.5693587030810807,3.5693587030810807,3.5693587030810807,4.348743971494251,4.3781980515114,4.388108321533731,5.651769237485082,5.669423191957541,5.765405001487048,5.772872574687762,5.790074172321853,5.903340135128353,6.051283254201457,6.2353864227401266,6.539347785628127,6.614637671755035,6.618828853298133,6.670970124944821,6.716099010766853,6.996613201824073
FIRST HEALTH NETWORK | PPO,0.0,0.0,0.0,0.0,0.05716205324083047,0.1303633841860501,0.14310054619022522,0.22314548474427895,0.23854235646116936,0.2847218682756591,0.3162366151636894,0.698489707114895,0.7033796924090869,0.7231823197052667,0.7231823197052667,0.7231823197052667,0.956639973985351,0.9594608907014404,0.9712532732901955,1.0921854659815748,1.1088448005172513,1.150566463981309,1.150566463981309,1.150566463981309,1.150566463981309,1.2125727022737693,1.2125727022737693,1.2125727022737693,1.2125727022737693,1.2125727022737693,1.2333031285253062,1.2713637333241694,1.2713637333241694,1.2713637333241694,1.2713637333241694,1.2816290849195777,1.455709939233028,1.5937416627135161,1.6647908840853103,1.732862649475227,1.7623724001898278,2.6072263479818427,2.611976608632418,2.611976608632418,2.611976608632418,2.611976608632418,2.6409641919965128,2.654386435387374,2.6607670362499882,2.6607670362499882,2.69122630076987,2.69122630076987,2.69122630076987,3.540010461103861,3.540010461103861,3.540010461103861,3.5496529624921207,3.5595252449848704,3.5693587030810807,3.5693587030810807,3.5693587030810807,3.5693587030810807,4.348743971494251,4.3781980515114,4.388108321533731,5.651769237485082,5.669423191957541,5.765405001487048,5.772872574687762,5.790074172321853,5.903340135128353,6.051283254201457,6.2353864227401266,6.539347785628127,6.614637671755035,6.618828853298133,6.670970124944821,6.716099010766853,6.996613201824073
HUMANA | PPO,-0.05716205324083039,-0.05716205324083039,-0.05716205324083039,-0.05716205324083039,0.0,0.07320133094521972,0.08593849294939476,0.1659834315034487,0.18138030322033882,0.2275598150348286,0.259074561922859,0.6413276538740648,0.6462176391682565,0.6660202664644362,0.6660202664644362,0.6660202664644362,0.8994779207445206,0.9022988374606098,0.914091220049365,1.0350234127407445,1.051682747276421,1.0934044107404783,1.0934044107404783,1.0934044107404783,1.0934044107404783,1.1554106490329388,1.1554106490329388,1.1554106490329388,1.1554106490329388,1.1554106490329388,1.1761410752844759,1.2142016800833388,1.2142016800833388,1.2142016800833388,1.2142016800833388,1.2244670316787474,1.3985478859921976,1.5365796094726856,1.60762883084448,1.6757005962343967,1.7052103469489974,2.5500642947410124,2.5548145553915873,2.5548145553915873,2.5548145553915873,2.5548145553915873,2.5838021387556824,2.5972243821465435,2.603604983009158,2.603604983009158,2.6340642475290394,2.6340642475290394,2.6340642475290394,3.4828484078630306,3.4828484078630306,3.4828484078630306,3.49249090925129,3.5023631917440396,3.5121966498402504,3.5121966498402504,3.5121966498402504,3.5121966498402504,4.291581918253421,4.3210359982705695,4.330946268292901,5.594607184244252,5.612261138716709,5.708242948246218,5.7157105214469315,5.732912119081023,5.846178081887523,5.994121200960627,6.178224369499296,6.482185732387297,6.5574756185142045,6.561666800057303,6.613808071703991,6.658936957526023,6.939451148583243
CRESCENT | PPO,-0.13036338418605017,-0.13036338418605017,-0.13036338418605017,-0.13036338418605017,-0.07320133094521969,0.0,0.012737162004175146,0.09278210055822894,0.10817897227511913,0.15435848408960887,0.18587323097763908,0.5681263229288449,0.5730163082230367,0.5928189355192165,0.5928189355192165,0.5928189355192165,0.826276589799301,0.8290975065153902,0.8408898891041454,0.9618220817955246,0.9784814163312011,1.0202030797952588,1.0202030797952588,1.0202030797952588,1.0202030797952588,1.082209318087719,1.082209318087719,1.082209318087719,1.082209318087719,1.082209318087719,1.1029397443392561,1.141000349138119,1.141000349138119,1.141000349138119,1.141000349138119,1.1512657007335276,1.3253465550469776,1.4633782785274658,1.5344274998992602,1.602499265289177,1.6320090160037777,2.476862963795792,2.4816132244463676,2.4816132244463676,2.4816132244463676,2.4816132244463676,2.5106008078104627,2.5240230512013238,2.530403652063938,2.530403652063938,2.5608629165838197,2.5608629165838197,2.5608629165838197,3.409647076917811,3.409647076917811,3.409647076917811,3.4192895783060706,3.42916186079882,3.4389953188950306,3.4389953188950306,3.4389953188950306,3.4389953188950306,4.218380587308201,4.24783466732535,4.257744937347681,5.521405853299032,5.53905980777149,5.635041617300998,5.642509190501712,5.659710788135803,5.772976750942303,5.920919870015407,6.1050230385540765,6.408984401442077,6.484274287568985,6.488465469112083,6.540606740758771,6.585735626580803,6.866249817638023
AETNA | HMO/PPO,-0.14310054619022522,-0.14310054619022522,-0.14310054619022522,-0.14310054619022522,-0.08593849294939478,-0.012737162004175094,0.0,0.08004493855405385,0.09544181027094423,0.14162132208543393,0.1731360689734641,0.55538916092467,0.5602791462188617,0.5800817735150414,0.5800817735150414,0.5800817735150414,0.8135394277951258,0.8163603445112151,0.8281527270999705,0.9490849197913497,0.9657442543270262,1.0074659177910836,1.0074659177910836,1.0074659177910836,1.0074659177910836,1.069472156083544,1.069472156083544,1.069472156083544,1.069472156083544,1.069472156083544,1.0902025823350812,1.1282631871339441,1.1282631871339441,1.1282631871339441,1.1282631871339441,1.1385285387293524,1.3126093930428027,1.4506411165232909,1.521690337895085,1.5897621032850018,1.6192718539996027,2.464125801791617,2.4688760624421926,2.4688760624421926,2.4688760624421926,2.4688760624421926,2.4978636458062877,2.511285889197149,2.517666490059763,2.517666490059763,2.5481257545796447,2.5481257545796447,2.5481257545796447,3.396909914913636,3.396909914913636,3.396909914913636,3.406552416301895,3.416424698794645,3.4262581568908557,3.4262581568908557,3.4262581568908557,3.4262581568908557,4.205643425304026,4.235097505321174,4.245007775343506,5.508668691294857,5.526322645767315,5.622304455296823,5.629772028497537,5.646973626131628,5.760239588938128,5.908182708011232,6.0922858765499015,6.396247239437902,6.47153712556481,6.475728307107908,6.527869578754596,6.572998464576628,6.853512655633848
BCBS NC | HMO/PPO,-0.2231454847442791,-0.2231454847442791,-0.2231454847442791,-0.2231454847442791,-0.16598343150344855,-0.09278210055822889,-0.0800449385540538,0.0,0.015396871716890238,0.06157638353138001,0.09309113041941021,0.47534422237061613,0.48023420766480784,0.5000368349609876,0.5000368349609876,0.5000368349609876,0.7334944892410721,0.7363154059571613,0.7481077885459165,0.8690399812372958,0.8856993157729722,0.9274209792370299,0.9274209792370299,0.9274209792370299,0.9274209792370299,0.9894272175294901,0.9894272175294901,0.9894272175294901,0.9894272175294901,0.9894272175294901,1.0101576437810271,1.0482182485798903,1.0482182485798903,1.0482182485798903,1.0482182485798903,1.0584836001752986,1.2325644544887489,1.370596177969237,1.4416453993410314,1.509717164730948,1.539226915445549,2.3840808632375636,2.3888311238881386,2.3888311238881386,2.3888311238881386,2.3888311238881386,2.417818707252234,2.4312409506430948,2.437621551505709,2.437621551505709,2.4680808160255907,2.4680808160255907,2.4680808160255907,3.3168649763595823,3.3168649763595823,3.3168649763595823,3.3265074777478416,3.3363797602405914,3.3462132183368016,3.3462132183368016,3.3462132183368016,3.3462132183368016,4.125598486749972,4.155052566767121,4.164962836789453,5.428623752740803,5.4462777072132615,5.542259516742769,5.549727089943483,5.566928687577574,5.680194650384074,5.828137769457178,6.0122409379958475,6.316202300883848,6.391492187010756,6.395683368553854,6.447824640200542,6.492953526022574,6.773467717079794
UNITEDHEALTHCARE | HMO/PPO,-0.23854235646116936,-0.23854235646116936,-0.23854235646116936,-0.23854235646116936,-0.18138030322033888,-0.10817897227511919,-0.09544181027094409,-0.015396871716890349,0.0,0.046179511814489684,0.07769425870251999,0.4599473506537258,0.4648373359479176,0.48463996324409736,0.48463996324409736,0.48463996324409736,0.7180976175241817,0.720918534240271,0.7327109168290262,0.8536431095204056,0.870302444056082,0.9120241075201395,0.9120241075201395,0.9120241075201395,0.9120241075201395,0.9740303458125998,0.9740303458125998,0.9740303458125998,0.9740303458125998,0.9740303458125998,0.9947607720641369,1.032821376863,1.032821376863,1.032821376863,1.032821376863,1.0430867284584084,1.2171675827718587,1.3551993062523466,1.4262485276241408,1.4943202930140578,1.5238300437286585,2.3686839915206734,2.3734342521712484,2.3734342521712484,2.3734342521712484,2.3734342521712484,2.4024218355353435,2.4158440789262046,2.422224679788819,2.422224679788819,2.4526839443087005,2.4526839443087005,2.4526839443087005,3.3014681046426917,3.3014681046426917,3.3014681046426917,3.3111106060309514,3.3209828885237007,3.3308163466199114,3.3308163466199114,3.3308163466199114,3.3308163466199114,4.110201615033081,4.13965569505023,4.149565965072562,5.413226881023913,5.430880835496371,5.526862645025879,5.534330218226593,5.551531815860684,5.664797778667183,5.812740897740287,5.996844066278957,6.300805429166958,6.376095315293865,6.3802864968369635,6.4324277684836515,6.477556654305683,6.758070845362904
MEDCOST | PPO,-0.28472186827565915,-0.28472186827565915,-0.28472186827565915,-0.28472186827565915,-0.2275598150348287,-0.15435848408960895,-0.14162132208543382,-0.06157638353138002,-0.046179511814489725,0.0,0.03151474688803021,0.413767838839236,0.4186578241334279,0.43846045142960755,0.43846045142960755,0.43846045142960755,0.6719181057096919,0.6747390224257813,0.6865314050145365,0.8074635977059157,0.8241229322415923,0.8658445957056498,0.8658445957056498,0.8658445957056498,0.8658445957056498,0.9278508339981102,0.9278508339981102,0.9278508339981102,0.9278508339981102,0.9278508339981102,0.9485812602496473,0.9866418650485103,0.9866418650485103,0.9866418650485103,0.9866418650485103,0.9969072166439187,1.1709880709573688,1.309019794437857,1.3800690158096514,1.4481407811995681,1.4776505319141688,2.3225044797061836,2.3272547403567585,2.3272547403567585,2.3272547403567585,2.3272547403567585,2.356242323720854,2.3696645671117147,2.376045167974329,2.376045167974329,2.4065044324942106,2.4065044324942106,2.4065044324942106,3.2552885928282023,3.2552885928282023,3.2552885928282023,3.2649310942164615,3.2748033767092113,3.2846368348054216,3.2846368348054216,3.2846368348054216,3.2846368348054216,4.0640221032185915,4.09347618323574,4.103386453258072,5.367047369209423,5.384701323681881,5.4806831332113894,5.488150706412103,5.505352304046195,5.618618266852693,5.766561385925798,5.950664554464467,6.2546259173524685,6.329915803479375,6.334106985022474,6.386248256669162,6.431377142491193,6.711891333548414
CIGNA | HMO/PPO,-0.31623661516368934,-0.31623661516368934,-0.31623661516368934,-0.31623661516368934,-0.2590745619228589,-0.18587323097763925,-0.17313606897346417,-0.09309113041941028,-0.07769425870251999,-0.031514746888030264,0.0,0.3822530919512058,0.3871430772453976,0.4069457045415773,0.4069457045415773,0.4069457045415773,0.6404033588216617,0.643224275537751,0.6550166581265061,0.7759488508178853,0.7926081853535619,0.8343298488176196,0.8343298488176196,0.8343298488176196,0.8343298488176196,0.8963360871100798,0.8963360871100798,0.8963360871100798,0.8963360871100798,0.8963360871100798,0.9170665133616169,0.9551271181604799,0.9551271181604799,0.9551271181604799,0.9551271181604799,0.9653924697558884,1.1394733240693384,1.2775050475498266,1.348554268921621,1.4166260343115378,1.4461357850261385,2.290989732818153,2.2957399934687284,2.2957399934687284,2.2957399934687284,2.2957399934687284,2.3247275768328235,2.3381498202236846,2.344530421086299,2.344530421086299,2.3749896856061805,2.3749896856061805,2.3749896856061805,3.2237738459401717,3.2237738459401717,3.2237738459401717,3.2334163473284314,3.2432886298211807,3.2531220879173914,3.2531220879173914,3.2531220879173914,3.2531220879173914,4.032507356330561,4.06196143634771,4.071871706370042,5.335532622321393,5.353186576793851,5.449168386323359,5.456635959524073,5.473837557158164,5.587103519964663,5.735046639037768,5.919149807576437,6.223111170464438,6.298401056591345,6.3025922381344435,6.3547335097811315,6.399862395603163,6.680376586660384
ALIGNMENT HEALTH | MEDICARE ADVANTAGE,-0.6984897071148951,-0.6984897071148951,-0.6984897071148951,-0.6984897071148951,-0.6413276538740648,-0.5681263229288449,-0.55538916092467,-0.475344222370616,-0.4599473506537258,-0.41376783883923607,-0.38225309195120577,0.0,0.00488998529419177,0.02469261259037163,0.02469261259037163,0.02469261259037163,0.25815026687045595,0.2609711835865452,0.27276356617530045,0.3936957588666797,0.41035509340235615,0.4520767568664138,0.4520767568664138,0.4520767568664138,0.4520767568664138,0.5140829951588741,0.5140829951588741,0.5140829951588741,0.5140829951588741,0.5140829951588741,0.5348134214104111,0.5728740262092742,0.5728740262092742,0.5728740262092742,0.5728740262092742,0.5831393778046827,0.7572202321181328,0.8952519555986208,0.9663011769704152,1.034372942360332,1.0638826930749328,1.9087366408669475,1.9134869015175229,1.9134869015175229,1.9134869015175229,1.9134869015175229,1.9424744848816178,1.9558967282724786,1.962277329135093,1.962277329135093,1.9927365936549746,1.9927365936549746,1.9927365936549746,2.841520753988966,2.841520753988966,2.841520753988966,2.8511632553772253,2.861035537869975,2.8708689959661857,2.8708689959661857,2.8708689959661857,2.8708689959661857,3.6502542643793556,3.6797083443965044,3.689618614418836,4.953279530370187,4.970933484842646,5.066915294372153,5.074382867572867,5.091584465206958,5.204850428013458,5.352793547086562,5.536896715625232,5.840858078513232,5.91614796464014,5.920339146183238,5.972480417829926,6.017609303651958,6.298123494709178
CIGNA | MEDICARE ADVANTAGE,-0.7033796924090869,-0.7033796924090869,-0.7033796924090869,-0.7033796924090869,-0.6462176391682565,-0.5730163082230367,-0.5602791462188618,-0.4802342076648079,-0.46483733594791765,-0.41865782413342784,-0.38714307724539765,-0.004889985294191792,0.0,0.01980262729617973,0.01980262729617973,0.01980262729617973,0.25326028157626407,0.25608119829235343,0.26787358088110863,0.3888057735724878,0.4054651081081644,0.44718677157222186,0.44718677157222186,0.44718677157222186,0.44718677157222186,0.5091930098646823,0.5091930098646823,0.5091930098646823,0.5091930098646823,0.5091930098646823,0.5299234361162194,0.5679840409150824,0.5679840409150824,0.5679840409150824,0.5679840409150824,0.5782493925104909,0.7523302468239409,0.890361970304429,0.9614111916762234,1.0294829570661401,1.058992707780741,1.9038466555727556,1.908596916223331,1.908596916223331,1.908596916223331,1.908596916223331,1.937584499587426,1.951006742978287,1.9573873438409013,1.9573873438409013,1.9878466083607829,1.9878466083607829,1.9878466083607829,2.8366307686947745,2.8366307686947745,2.8366307686947745,2.8462732700830338,2.856145552575783,2.865979010671994,2.865979010671994,2.865979010671994,2.865979010671994,3.645364279085164,3.6748183591023125,3.6847286291246446,4.948389545075996,4.966043499548453,5.062025309077962,5.069492882278675,5.086694479912766,5.199960442719266,5.3479035617923705,5.532006730331039,5.835968093219041,5.911257979345947,5.915449160889046,5.967590432535734,6.012719318357766,6.2932335094149865
VA MEDICAID | MEDICAID,-0.7231823197052667,-0.7231823197052667,-0.7231823197052667,-0.7231823197052667,-0.6660202664644361,-0.5928189355192164,-0.5800817735150414,-0.5000368349609876,-0.48463996324409725,-0.43846045142960766,-0.4069457045415773,-0.02469261259037152,-0.019802627296179754,0.0,0.0,0.0,0.23345765428008447,0.23627857099617358,0.24807095358492892,0.36900314627630815,0.38566248081198456,0.42738414427604215,0.42738414427604215,0.42738414427604215,0.42738414427604215,0.48939038256850254,0.48939038256850254,0.48939038256850254,0.48939038256850254,0.48939038256850254,0.5101208088200395,0.5481814136189026,0.5481814136189026,0.5481814136189026,0.5481814136189026,0.5584467652143111,0.7325276195277614,0.8705593430082493,0.9416085643800437,1.0096803297699606,1.0391900804845613,1.8840440282765758,1.8887942889271512,1.8887942889271512,1.8887942889271512,1.8887942889271512,1.9177818722912463,1.9312041156821071,1.9375847165447215,1.9375847165447215,1.968043981064603,1.968043981064603,1.968043981064603,2.8168281413985947,2.8168281413985947,2.8168281413985947,2.826470642786854,2.8363429252796037,2.846176383375814,2.846176383375814,2.846176383375814,2.846176383375814,3.6255616517889844,3.6550157318061327,3.664926001828465,4.928586917779816,4.9462408722522735,5.042222681781782,5.049690254982496,5.066891852616586,5.180157815423086,5.328100934496191,5.512204103034859,5.816165465922861,5.891455352049768,5.895646533592866,5.947787805239554,5.992916691061586,6.273430882118807
DUKE PLUS | COMMERCIAL,-0.7231823197052667,-0.7231823197052667,-0.7231823197052667,-0.7231823197052667,-0.6660202664644361,-0.5928189355192164,-0.5800817735150414,-0.5000368349609876,-0.48463996324409725,-0.43846045142960766,-0.4069457045415773,-0.02469261259037152,-0.019802627296179754,0.0,0.0,0.0,0.23345765428008447,0.23627857099617358,0.24807095358492892,0.36900314627630815,0.38566248081198456,0.42738414427604215,0.42738414427604215,0.42738414427604215,0.42738414427604215,0.48939038256850254,0.48939038256850254,0.48939038256850254,0.48939038256850254,0.48939038256850254,0.5101208088200395,0.5481814136189026,0.5481814136189026,0.5481814136189026,0.5481814136189026,0.5584467652143111,0.7325276195277614,0.8705593430082493,0.9416085643800437,1.0096803297699606,1.0391900804845613,1.8840440282765758,1.8887942889271512,1.8887942889271512,1.8887942889271512,1.8887942889271512,1.9177818722912463,1.9312041156821071,1.9375847165447215,1.9375847165447215,1.968043981064603,1.968043981064603,1.968043981064603,2.8168281413985947,2.8168281413985947,2.8168281413985947,2.826470642786854,2.8363429252796037,2.846176383375814,2.846176383375814,2.846176383375814,2.846176383375814,3.6255616517889844,3.6550157318061327,3.664926001828465,4.928586917779816,4.9462408722522735,5.042222681781782,5.049690254982496,5.066891852616586,5.180157815423086,5.328100934496191,5.512204103034859,5.816165465922861,5.891455352049768,5.895646533592866,5.947787805239554,5.992916691061586,6.273430882118807
TROY MEDICARE | MEDICARE ADVANTAGE,-0.7231823197052667,-0.7231823197052667,-0.7231823197052667,-0.7231823197052667,-0.6660202664644361,-0.5928189355192164,-0.5800817735150414,-0.5000368349609876,-0.48463996324409725,-0.43846045142960766,-0.4069457045415773,-0.02469261259037152,-0.019802627296179754,0.0,0.0,0.0,0.23345765428008447,0.23627857099617358,0.24807095358492892,0.36900314627630815,0.38566248081198456,0.42738414427604215,0.42738414427604215,0.42738414427604215,0.42738414427604215,0.48939038256850254,0.48939038256850254,0.48939038256850254,0.48939038256850254,0.48939038256850254,0.5101208088200395,0.5481814136189026,0.5481814136189026,0.5481814136189026,0.5481814136189026,0.5584467652143111,0.7325276195277614,0.8705593430082493,0.9416085643800437,1.0096803297699606,1.0391900804845613,1.8840440282765758,1.8887942889271512,1.8887942889271512,1.8887942889271512,1.8887942889271512,1.9177818722912463,1.9312041156821071,1.9375847165447215,1.9375847165447215,1.968043981064603,1.968043981064603,1.968043981064603,2.8168281413985947,2.8168281413985947,2.8168281413985947,2.826470642786854,2.8363429252796037,2.846176383375814,2.846176383375814,2.846176383375814,2.846176383375814,3.6255616517889844,3.6550157318061327,3.664926001828465,4.928586917779816,4.9462408722522735,5.042222681781782,5.049690254982496,5.066891852616586,5.180157815423086,5.328100934496191,5.512204103034859,5.816165465922861,5.891455352049768,5.895646533592866,5.947787805239554,5.992916691061586,6.273430882118807
AETNA | POS,-0.956639973985351,-0.956639973985351,-0.956639973985351,-0.956639973985351,-0.8994779207445206,-0.8262765897993009,-0.8135394277951258,-0.733494489241072,-0.7180976175241817,-0.671918105709692,-0.6404033588216617,-0.25815026687045595,-0.2532602815762641,-0.23345765428008447,-0.23345765428008447,-0.23345765428008447,0.0,0.002820916716089329,0.014613299304844583,0.13554549199622376,0.15220482653190018,0.19392648999595774,0.19392648999595774,0.19392648999595774,0.19392648999595774,0.2559327282884182,0.2559327282884182,0.2559327282884182,0.2559327282884182,0.2559327282884182,0.2766631545399552,0.3147237593388182,0.3147237593388182,0.3147237593388182,0.3147237593388182,0.32498911093422667,0.49906996524767683,0.6371016887281649,0.7081509100999593,0.7762226754898761,0.8057324262044767,1.6505863739964914,1.6553366346470668,1.6553366346470668,1.6553366346470668,1.6553366346470668,1.684324218011162,1.6977464614020226,1.7041270622646372,1.7041270622646372,1.7345863267845187,1.7345863267845187,1.7345863267845187,2.5833704871185104,2.5833704871185104,2.5833704871185104,2.5930129885067696,2.6028852709995194,2.6127187290957297,2.6127187290957297,2.6127187290957297,2.6127187290957297,3.3921039975089,3.4215580775260483,3.4314683475483805,4.695129263499731,4.71278321797219,4.808765027501697,4.816232600702411,4.833434198336502,4.946700161143002,5.094643280216106,5.2787464487547755,5.582707811642776,5.657997697769684,5.662188879312782,5.71433015095947,5.759459036781502,6.039973227838722
CIGNA | COMMERCIAL CHOICE,-0.9594608907014404,-0.9594608907014404,-0.9594608907014404,-0.9594608907014404,-0.9022988374606098,-0.8290975065153902,-0.8163603445112152,-0.7363154059571613,-0.720918534240271,-0.6747390224257812,-0.643224275537751,-0.26097118358654525,-0.2560811982923535,-0.23627857099617366,-0.23627857099617366,-0.23627857099617366,-0.002820916716089309,0.0,0.011792382588755168,0.1327245752801345,0.149383909815811,0.19110557327986857,0.19110557327986857,0.19110557327986857,0.19110557327986857,0.253111811572329,0.253111811572329,0.253111811572329,0.253111811572329,0.253111811572329,0.27384223782386596,0.311902842622729,0.311902842622729,0.311902842622729,0.311902842622729,0.32216819421813736,0.4962490485315876,0.6342807720120757,0.70532999338387,0.7734017587737867,0.8029115094883875,1.6477654572804021,1.6525157179309775,1.6525157179309775,1.6525157179309775,1.6525157179309775,1.6815033012950726,1.6949255446859335,1.7013061455485479,1.7013061455485479,1.7317654100684294,1.7317654100684294,1.7317654100684294,2.580549570402421,2.580549570402421,2.580549570402421,2.59019207179068,2.60006435428343,2.6098978123796406,2.6098978123796406,2.6098978123796406,2.6098978123796406,3.3892830807928105,3.4187371608099593,3.428647430832291,4.692308346783642,4.7099623012561,4.805944110785608,4.813411683986321,4.830613281620413,4.943879244426912,5.091822363500016,5.275925532038686,5.579886894926687,5.655176781053594,5.659367962596693,5.711509234243381,5.756638120065412,6.037152311122632
BCBS | PPO,-0.9712532732901955,-0.9712532732901955,-0.9712532732901955,-0.9712532732901955,-0.9140912200493652,-0.8408898891041454,-0.8281527270999703,-0.7481077885459165,-0.7327109168290261,-0.6865314050145366,-0.6550166581265061,-0.27276356617530045,-0.2678735808811087,-0.24807095358492884,-0.24807095358492884,-0.24807095358492884,-0.014613299304844517,-0.011792382588755262,0.0,0.12093219269137927,0.13759152722705578,0.17931319069111332,0.17931319069111332,0.17931319069111332,0.17931319069111332,0.2413194289835736,0.2413194289835736,0.2413194289835736,0.2413194289835736,0.2413194289835736,0.2620498552351107,0.3001104600339736,0.3001104600339736,0.3001104600339736,0.3001104600339736,0.31037581162938227,0.4844566659428323,0.6224883894233205,0.6935376107951147,0.7616093761850317,0.7911191268996324,1.635973074691647,1.6407233353422224,1.6407233353422224,1.6407233353422224,1.6407233353422224,1.6697109187063175,1.6831331620971781,1.6895137629597927,1.6895137629597927,1.7199730274796743,1.7199730274796743,1.7199730274796743,2.5687571878136657,2.5687571878136657,2.5687571878136657,2.578399689201925,2.5882719716946747,2.598105429790885,2.598105429790885,2.598105429790885,2.598105429790885,3.3774906982040553,3.406944778221204,3.416855048243536,4.680515964194887,4.698169918667345,4.794151728196852,4.801619301397566,4.818820899031658,4.932086861838157,5.080029980911261,5.264133149449931,5.5680945123379315,5.643384398464839,5.6475755800079375,5.6997168516546255,5.744845737476657,6.025359928533877
HUMANA | COMMERCIAL CHOICE,-1.0921854659815748,-1.0921854659815748,-1.0921854659815748,-1.0921854659815748,-1.0350234127407443,-0.9618220817955246,-0.9490849197913496,-0.8690399812372956,-0.8536431095204053,-0.8074635977059158,-0.7759488508178854,-0.3936957588666796,-0.38880577357248775,-0.3690031462763081,-0.3690031462763081,-0.3690031462763081,-0.13554549199622368,-0.13272457528013443,-0.12093219269137918,0.0,0.016659334535676557,0.05838099799973416,0.05838099799973416,0.05838099799973416,0.05838099799973416,0.12038723629219453,0.12038723629219453,0.12038723629219453,0.12038723629219453,0.12038723629219453,0.14111766254373143,0.17917826734259443,0.17917826734259443,0.17917826734259443,0.17917826734259443,0.18944361893800296,0.3635244732514532,0.5015561967319412,0.5726054181037356,0.6406771834936523,0.670186934208253,1.5150408820002677,1.519791142650843,1.519791142650843,1.519791142650843,1.519791142650843,1.5487787260149382,1.5622009694057988,1.5685815702684134,1.5685815702684134,1.599040834788295,1.599040834788295,1.599040834788295,2.4478249951222866,2.4478249951222866,2.4478249951222866,2.457467496510546,2.4673397790032956,2.477173237099506,2.477173237099506,2.477173237099506,2.477173237099506,3.2565585055126762,3.2860125855298246,3.2959228555521567,4.559583771503507,4.577237725975966,4.673219535505473,4.680687108706187,4.6978887063402786,4.811154669146778,4.959097788219882,5.143200956758552,5.447162319646552,5.52245220577346,5.526643387316558,5.578784658963246,5.623913544785278,5.904427735842498
AETNA | PPO,-1.1088448005172513,-1.1088448005172513,-1.1088448005172513,-1.1088448005172513,-1.051682747276421,-0.9784814163312011,-0.965744254327026,-0.8856993157729723,-0.8703024440560819,-0.8241229322415923,-0.792608185353562,-0.4103550934023561,-0.40546510810816444,-0.3856624808119846,-0.3856624808119846,-0.3856624808119846,-0.15220482653190026,-0.14938390981581098,-0.13759152722705573,-0.016659334535676553,0.0,0.04172166346405763,0.04172166346405763,0.04172166346405763,0.04172166346405763,0.10372790175651796,0.10372790175651796,0.10372790175651796,0.10372790175651796,0.10372790175651796,0.12445832800805494,0.16251893280691793,0.16251893280691793,0.16251893280691793,0.16251893280691793,0.17278428440232638,0.3468651387157766,0.4848968621962646,0.5559460835680591,0.6240178489579757,0.6535275996725766,1.4983815474645912,1.5031318081151666,1.5031318081151666,1.5031318081151666,1.5031318081151666,1.5321193914792617,1.5455416348701223,1.551922235732737,1.551922235732737,1.5823815002526185,1.5823815002526185,1.5823815002526185,2.43116566058661,2.43116566058661,2.43116566058661,2.440808161974869,2.450680444467619,2.4605139025638296,2.4605139025638296,2.4605139025638296,2.4605139025638296,3.2398991709769995,3.2693532509941483,3.27926352101648,4.542924436967831,4.560578391440289,4.656560200969797,4.664027774170511,4.681229371804602,4.794495334611101,4.942438453684206,5.1265416222228755,5.430502985110876,5.505792871237783,5.509984052780882,5.56212532442757,5.607254210249602,5.887768401306822
CIGNA | COMMERCIAL,-1.150566463981309,-1.150566463981309,-1.150566463981309,-1.150566463981309,-1.0934044107404783,-1.0202030797952586,-1.0074659177910836,-0.9274209792370298,-0.9120241075201395,-0.8658445957056499,-0.8343298488176195,-0.4520767568664138,-0.4471867715722219,-0.4273841442760421,-0.4273841442760421,-0.4273841442760421,-0.19392648999595782,-0.19110557327986846,-0.17931319069111334,-0.0583809979997341,-0.041721663464057535,0.0,0.0,0.0,0.0,0.06200623829246042,0.06200623829246042,0.06200623829246042,0.06200623829246042,0.06200623829246042,0.08273666454399736,0.12079726934286032,0.12079726934286032,0.12079726934286032,0.12079726934286032,0.1310626209382689,0.3051434752517191,0.4431751987322071,0.5142244201040015,0.5822961854939183,0.611805936208519,1.4566598840005338,1.461410144651109,1.461410144651109,1.461410144651109,1.461410144651109,1.490397728015204,1.503819971406065,1.5102005722686793,1.5102005722686793,1.5406598367885609,1.5406598367885609,1.5406598367885609,2.389443997122552,2.389443997122552,2.389443997122552,2.399086498510812,2.4089587810035615,2.418792239099772,2.418792239099772,2.418792239099772,2.418792239099772,3.198177507512942,3.227631587530091,3.2375418575524226,4.501202773503773,4.518856727976232,4.614838537505739,4.622306110706453,4.6395077083405445,4.752773671147044,4.900716790220148,5.084819958758818,5.388781321646818,5.464071207773726,5.468262389316824,5.520403660963512,5.565532546785544,5.846046737842764
CIGNA | HMO,-1.150566463981309,-1.150566463981309,-1.150566463981309,-1.150566463981309,-1.0934044107404783,-1.0202030797952586,-1.0074659177910836,-0.9274209792370298,-0.9120241075201395,-0.8658445957056499,-0.8343298488176195,-0.4520767568664138,-0.4471867715722219,-0.4273841442760421,-0.4273841442760421,-0.4273841442760421,-0.19392648999595782,-0.19110557327986846,-0.17931319069111334,-0.0583809979997341,-0.041721663464057535,0.0,0.0,0.0,0.0,0.06200623829246042,0.06200623829246042,0.06200623829246042,0.06200623829246042,0.06200623829246042,0.08273666454399736,0.12079726934286032,0.12079726934286032,0.12079726934286032,0.12079726934286032,0.1310626209382689,0.3051434752517191,0.4431751987322071,0.5142244201040015,0.5822961854939183,0.611805936208519,1.4566598840005338,1.461410144651109,1.461410144651109,1.461410144651109,1.461410144651109,1.490397728015204,1.503819971406065,1.5102005722686793,1.5102005722686793,1.5406598367885609,1.5406598367885609,1.5406598367885609,2.389443997122552,2.389443997122552,2.389443997122552,2.399086498510812,2.4089587810035615,2.418792239099772,2.418792239099772,2.418792239099772,2.418792239099772,3.198177507512942,3.227631587530091,3.2375418575524226,4.501202773503773,4.518856727976232,4.614838537505739,4.622306110706453,4.6395077083405445,4.752773671147044,4.900716790220148,5.084819958758818,5.388781321646818,5.464071207773726,5.468262389316824,5.520403660963512,5.565532546785544,5.846046737842764
CIGNA | POS,-1.150566463981309,-1.150566463981309,-1.150566463981309,-1.150566463981309,-1.0934044107404783,-1.0202030797952586,-1.0074659177910836,-0.9274209792370298,-0.9120241075201395,-0.8658445957056499,-0.8343298488176195,-0.4520767568664138,-0.4471867715722219,-0.4273841442760421,-0.4273841442760421,-0.4273841442760421,-0.19392648999595782,-0.19110557327986846,-0.17931319069111334,-0.0583809979997341,-0.041721663464057535,0.0,0.0,0.0,0.0,0.06200623829246042,0.06200623829246042,0.06200623829246042,0.06200623829246042,0.06200623829246042,0.08273666454399736,0.12079726934286032,0.12079726934286032,0.12079726934286032,0.12079726934286032,0.1310626209382689,0.3051434752517191,0.4431751987322071,0.5142244201040015,0.5822961854939183,0.611805936208519,1.4566598840005338,1.461410144651109,1.461410144651109,1.461410144651109,1.461410144651109,1.490397728015204,1.503819971406065,1.5102005722686793,1.5102005722686793,1.5406598367885609,1.5406598367885609,1.5406598367885609,2.389443997122552,2.389443997122552,2.389443997122552,2.399086498510812,2.4089587810035615,2.418792239099772,2.418792239099772,2.418792239099772,2.418792239099772,3.198177507512942,3.227631587530091,3.2375418575524226,4.501202773503773,4.518856727976232,4.614838537505739,4.622306110706453,4.6395077083405445,4.752773671147044,4.900716790220148,5.084819958758818,5.388781321646818,5.464071207773726,5.468262389316824,5.520403660963512,5.565532546785544,5.846046737842764
CIGNA | PPO,-1.150566463981309,-1.150566463981309,-1.150566463981309,-1.150566463981309,-1.0934044107404783,-1.0202030797952586,-1.0074659177910836,-0.9274209792370298,-0.9120241075201395,-0.8658445957056499,-0.8343298488176195,-0.4520767568664138,-0.4471867715722219,-0.4273841442760421,-0.4273841442760421,-0.4273841442760421,-0.19392648999595782,-0.19110557327986846,-0.17931319069111334,-0.0583809979997341,-0.041721663464057535,0.0,0.0,0.0,0.0,0.06200623829246042,0.06200623829246042,0.06200623829246042,0.06200623829246042,0.06200623829246042,0.08273666454399736,0.12079726934286032,0.12079726934286032,0.12079726934286032,0.12079726934286032,0.1310626209382689,0.3051434752517191,0.4431751987322071,0.5142244201040015,0.5822961854939183,0.611805936208519,1.4566598840005338,1.461410144651109,1.461410144651109,1.461410144651109,1.461410144651109,1.490397728015204,1.503819971406065,1.5102005722686793,1.5102005722686793,1.5406598367885609,1.5406598367885609,1.5406598367885609,2.389443997122552,2.389443997122552,2.389443997122552,2.399086498510812,2.4089587810035615,2.418792239099772,2.418792239099772,2.418792239099772,2.418792239099772,3.198177507512942,3.227631587530091,3.2375418575524226,4.501202773503773,4.518856727976232,4.614838537505739,4.622306110706453,4.6395077083405445,4.752773671147044,4.900716790220148,5.084819958758818,5.388781321646818,5.464071207773726,5.468262389316824,5.520403660963512,5.565532546785544,5.846046737842764
GOLDEN RULE INSURANCE | COMMERCIAL,-1.2125727022737691,-1.2125727022737691,-1.2125727022737691,-1.2125727022737691,-1.1554106490329388,-1.082209318087719,-1.069472156083544,-0.9894272175294903,-0.9740303458125998,-0.9278508339981101,-0.89633608711008,-0.5140829951588741,-0.5091930098646822,-0.48939038256850254,-0.48939038256850254,-0.48939038256850254,-0.2559327282884181,-0.2531118115723289,-0.24131942898357372,-0.12038723629219439,-0.1037279017565179,-0.06200623829246035,-0.06200623829246035,-0.06200623829246035,-0.06200623829246035,0.0,0.0,0.0,0.0,0.0,0.0207304262515371,0.05879103105040001,0.05879103105040001,0.05879103105040001,0.05879103105040001,0.06905638264580849,0.24313723695925876,0.3811689604397468,0.452218181811541,0.5202899472014578,0.5497996979160586,1.3946536457080732,1.3994039063586488,1.3994039063586488,1.3994039063586488,1.3994039063586488,1.4283914897227439,1.4418137331136047,1.4481943339762189,1.4481943339762189,1.4786535984961005,1.4786535984961005,1.4786535984961005,2.327437758830092,2.327437758830092,2.327437758830092,2.3370802602183516,2.346952542711101,2.3567860008073116,2.3567860008073116,2.3567860008073116,2.3567860008073116,3.1361712692204815,3.1656253492376303,3.175535619259962,4.439196535211313,4.456850489683771,4.5528322992132795,4.560299872413993,4.577501470048084,4.690767432854583,4.838710551927687,5.022813720466357,5.326775083354359,5.402064969481265,5.406256151024364,5.458397422671052,5.503526308493083,5.784040499550304
UNITEDHEALTHCARE | COMMERCIAL,-1.2125727022737691,-1.2125727022737691,-1.2125727022737691,-1.2125727022737691,-1.1554106490329388,-1.082209318087719,-1.069472156083544,-0.9894272175294903,-0.9740303458125998,-0.9278508339981101,-0.89633608711008,-0.5140829951588741,-0.5091930098646822,-0.48939038256850254,-0.48939038256850254,-0.48939038256850254,-0.2559327282884181,-0.2531118115723289,-0.24131942898357372,-0.12038723629219439,-0.1037279017565179,-0.06200623829246035,-0.06200623829246035,-0.06200623829246035,-0.06200623829246035,0.0,0.0,0.0,0.0,0.0,0.0207304262515371,0.05879103105040001,0.05879103105040001,0.05879103105040001,0.05879103105040001,0.06905638264580849,0.24313723695925876,0.3811689604397468,0.452218181811541,0.5202899472014578,0.5497996979160586,1.3946536457080732,1.3994039063586488,1.3994039063586488,1.3994039063586488,1.3994039063586488,1.4283914897227439,1.4418137331136047,1.4481943339762189,1.4481943339762189,1.4786535984961005,1.4786535984961005,1.4786535984961005,2.327437758830092,2.327437758830092,2.327437758830092,2.3370802602183516,2.346952542711101,2.3567860008073116,2.3567860008073116,2.3567860008073116,2.3567860008073116,3.1361712692204815,3.1656253492376303,3.175535619259962,4.439196535211313,4.456850489683771,4.5528322992132795,4.560299872413993,4.577501470048084,4.690767432854583,4.838710551927687,5.022813720466357,5.326775083354359,5.402064969481265,5.406256151024364,5.458397422671052,5.503526308493083,5.784040499550304
UNITEDHEALTHCARE | COMMERCIAL CHOICE,-1.2125727022737691,-1.2125727022737691,-1.2125727022737691,-1.2125727022737691,-1.1554106490329388,-1.082209318087719,-1.069472156083544,-0.9894272175294903,-0.9740303458125998,-0.9278508339981101,-0.89633608711008,-0.5140829951588741,-0.5091930098646822,-0.48939038256850254,-0.48939038256850254,-0.48939038256850254,-0.2559327282884181,-0.2531118115723289,-0.24131942898357372,-0.12038723629219439,-0.1037279017565179,-0.06200623829246035,-0.06200623829246035,-0.06200623829246035,-0.06200623829246035,0.0,0.0,0.0,0.0,0.0,0.0207304262515371,0.05879103105040001,0.05879103105040001,0.05879103105040001,0.05879103105040001,0.06905638264580849,0.24313723695925876,0.3811689604397468,0.452218181811541,0.5202899472014578,0.5497996979160586,1.3946536457080732,1.3994039063586488,1.3994039063586488,1.3994039063586488,1.3994039063586488,1.4283914897227439,1.4418137331136047,1.4481943339762189,1.4481943339762189,1.4786535984961005,1.4786535984961005,1.4786535984961005,2.327437758830092,2.327437758830092,2.327437758830092,2.3370802602183516,2.346952542711101,2.3567860008073116,2.3567860008073116,2.3567860008073116,2.3567860008073116,3.1361712692204815,3.1656253492376303,3.175535619259962,4.439196535211313,4.456850489683771,4.5528322992132795,4.560299872413993,4.577501470048084,4.690767432854583,4.838710551927687,5.022813720466357,5.326775083354359,5.402064969481265,5.406256151024364,5.458397422671052,5.503526308493083,5.784040499550304
OXFORD HEALTH PLANS | COMMERCIAL,-1.2125727022737691,-1.2125727022737691,-1.2125727022737691,-1.2125727022737691,-1.1554106490329388,-1.082209318087719,-1.069472156083544,-0.9894272175294903,-0.9740303458125998,-0.9278508339981101,-0.89633608711008,-0.5140829951588741,-0.5091930098646822,-0.48939038256850254,-0.48939038256850254,-0.48939038256850254,-0.2559327282884181,-0.2531118115723289,-0.24131942898357372,-0.12038723629219439,-0.1037279017565179,-0.06200623829246035,-0.06200623829246035,-0.06200623829246035,-0.06200623829246035,0.0,0.0,0.0,0.0,0.0,0.0207304262515371,0.05879103105040001,0.05879103105040001,0.05879103105040001,0.05879103105040001,0.06905638264580849,0.24313723695925876,0.3811689604397468,0.452218181811541,0.5202899472014578,0.5497996979160586,1.3946536457080732,1.3994039063586488,1.3994039063586488,1.3994039063586488,1.3994039063586488,1.4283914897227439,1.4418137331136047,1.4481943339762189,1.4481943339762189,1.4786535984961005,1.4786535984961005,1.4786535984961005,2.327437758830092,2.327437758830092,2.327437758830092,2.3370802602183516,2.346952542711101,2.3567860008073116,2.3567860008073116,2.3567860008073116,2.3567860008073116,3.1361712692204815,3.1656253492376303,3.175535619259962,4.439196535211313,4.456850489683771,4.5528322992132795,4.560299872413993,4.577501470048084,4.690767432854583,4.838710551927687,5.022813720466357,5.326775083354359,5.402064969481265,5.406256151024364,5.458397422671052,5.503526308493083,5.784040499550304
UNITEDHEALTHCARE | POS,-1.2125727022737691,-1.2125727022737691,-1.2125727022737691,-1.2125727022737691,-1.1554106490329388,-1.082209318087719,-1.069472156083544,-0.9894272175294903,-0.9740303458125998,-0.9278508339981101,-0.89633608711008,-0.5140829951588741,-0.5091930098646822,-0.48939038256850254,-0.48939038256850254,-0.48939038256850254,-0.2559327282884181,-0.2531118115723289,-0.24131942898357372,-0.12038723629219439,-0.1037279017565179,-0.06200623829246035,-0.06200623829246035,-0.06200623829246035,-0.06200623829246035,0.0,0.0,0.0,0.0,0.0,0.0207304262515371,0.05879103105040001,0.05879103105040001,0.05879103105040001,0.05879103105040001,0.06905638264580849,0.24313723695925876,0.3811689604397468,0.452218181811541,0.5202899472014578,0.5497996979160586,1.3946536457080732,1.3994039063586488,1.3994039063586488,1.3994039063586488,1.3994039063586488,1.4283914897227439,1.4418137331136047,1.4481943339762189,1.4481943339762189,1.4786535984961005,1.4786535984961005,1.4786535984961005,2.327437758830092,2.327437758830092,2.327437758830092,2.3370802602183516,2.346952542711101,2.3567860008073116,2.3567860008073116,2.3567860008073116,2.3567860008073116,3.1361712692204815,3.1656253492376303,3.175535619259962,4.439196535211313,4.456850489683771,4.5528322992132795,4.560299872413993,4.577501470048084,4.690767432854583,4.838710551927687,5.022813720466357,5.326775083354359,5.402064969481265,5.406256151024364,5.458397422671052,5.503526308493083,5.784040499550304
BCBS | COMMERCIAL,-1.2333031285253064,-1.2333031285253064,-1.2333031285253064,-1.2333031285253064,-1.1761410752844759,-1.1029397443392561,-1.0902025823350812,-1.0101576437810271,-0.9947607720641369,-0.9485812602496472,-0.9170665133616169,-0.5348134214104112,-0.5299234361162194,-0.5101208088200395,-0.5101208088200395,-0.5101208088200395,-0.27666315453995516,-0.27384223782386585,-0.26204985523511076,-0.14111766254373148,-0.12445832800805498,-0.08273666454399738,-0.08273666454399738,-0.08273666454399738,-0.08273666454399738,-0.020730426251537034,-0.020730426251537034,-0.020730426251537034,-0.020730426251537034,-0.020730426251537034,0.0,0.038060604798863085,0.038060604798863085,0.038060604798863085,0.038060604798863085,0.0483259563942715,0.22240681070772164,0.3604385341882097,0.4314877555600041,0.49955952094992084,0.5290692716645217,1.3739232194565363,1.3786734801071117,1.3786734801071117,1.3786734801071117,1.3786734801071117,1.4076610634712066,1.4210833068620674,1.427463907724682,1.427463907724682,1.4579231722445636,1.4579231722445636,1.4579231722445636,2.3067073325785548,2.3067073325785548,2.3067073325785548,2.3163498339668145,2.3262221164595642,2.3360555745557745,2.3360555745557745,2.3360555745557745,2.3360555745557745,3.115440842968945,3.144894922986093,3.1548051930084253,4.418466108959776,4.436120063432234,4.532101872961742,4.539569446162456,4.556771043796547,4.670037006603047,4.817980125676151,5.00208329421482,5.306044657102821,5.381334543229729,5.385525724772827,5.437666996419515,5.482795882241547,5.763310073298767
AETNA | COMMERCIAL CHOICE,-1.2713637333241694,-1.2713637333241694,-1.2713637333241694,-1.2713637333241694,-1.2142016800833388,-1.141000349138119,-1.1282631871339441,-1.04821824857989,-1.032821376863,-0.9866418650485101,-0.9551271181604799,-0.5728740262092741,-0.5679840409150823,-0.5481814136189027,-0.5481814136189027,-0.5481814136189027,-0.3147237593388182,-0.3119028426227289,-0.3001104600339737,-0.17917826734259445,-0.16251893280691798,-0.12079726934286043,-0.12079726934286043,-0.12079726934286043,-0.12079726934286043,-0.05879103105040009,-0.05879103105040009,-0.05879103105040009,-0.05879103105040009,-0.05879103105040009,-0.038060604798863036,0.0,0.0,0.0,0.0,0.010265351595408471,0.1843462059088587,0.3223779293893467,0.393427150761141,0.46149891615105787,0.4910086668656586,1.3358626146576733,1.3406128753082487,1.3406128753082487,1.3406128753082487,1.3406128753082487,1.3696004586723436,1.3830227020632044,1.3894033029258188,1.3894033029258188,1.4198625674457006,1.4198625674457006,1.4198625674457006,2.268646727779692,2.268646727779692,2.268646727779692,2.2782892291679513,2.288161511660701,2.2979949697569118,2.2979949697569118,2.2979949697569118,2.2979949697569118,3.0773802381700817,3.1068343181872304,3.116744588209562,4.380405504160913,4.398059458633371,4.494041268162879,4.501508841363592,4.518710438997684,4.631976401804184,4.7799195208772876,4.964022689415957,5.267984052303958,5.343273938430865,5.347465119973964,5.399606391620652,5.444735277442684,5.725249468499904
MAIL HANDLERS BENEFIT PLAN | GOVERNMENT,-1.2713637333241694,-1.2713637333241694,-1.2713637333241694,-1.2713637333241694,-1.2142016800833388,-1.141000349138119,-1.1282631871339441,-1.04821824857989,-1.032821376863,-0.9866418650485101,-0.9551271181604799,-0.5728740262092741,-0.5679840409150823,-0.5481814136189027,-0.5481814136189027,-0.5481814136189027,-0.3147237593388182,-0.3119028426227289,-0.3001104600339737,-0.17917826734259445,-0.16251893280691798,-0.12079726934286043,-0.12079726934286043,-0.12079726934286043,-0.12079726934286043,-0.05879103105040009,-0.05879103105040009,-0.05879103105040009,-0.05879103105040009,-0.05879103105040009,-0.038060604798863036,0.0,0.0,0.0,0.0,0.010265351595408471,0.1843462059088587,0.3223779293893467,0.393427150761141,0.46149891615105787,0.4910086668656586,1.3358626146576733,1.3406128753082487,1.3406128753082487,1.3406128753082487,1.3406128753082487,1.3696004586723436,1.3830227020632044,1.3894033029258188,1.3894033029258188,1.4198625674457006,1.4198625674457006,1.4198625674457006,2.268646727779692,2.268646727779692,2.268646727779692,2.2782892291679513,2.288161511660701,2.2979949697569118,2.2979949697569118,2.2979949697569118,2.2979949697569118,3.0773802381700817,3.1068343181872304,3.116744588209562,4.380405504160913,4.398059458633371,4.494041268162879,4.501508841363592,4.518710438997684,4.631976401804184,4.7799195208772876,4.964022689415957,5.267984052303958,5.343273938430865,5.347465119973964,5.399606391620652,5.444735277442684,5.725249468499904
AETNA | HMO,-1.2713637333241694,-1.2713637333241694,-1.2713637333241694,-1.2713637333241694,-1.2142016800833388,-1.141000349138119,-1.1282631871339441,-1.04821824857989,-1.032821376863,-0.9866418650485101,-0.9551271181604799,-0.5728740262092741,-0.5679840409150823,-0.5481814136189027,-0.5481814136189027,-0.5481814136189027,-0.3147237593388182,-0.3119028426227289,-0.3001104600339737,-0.17917826734259445,-0.16251893280691798,-0.12079726934286043,-0.12079726934286043,-0.12079726934286043,-0.12079726934286043,-0.05879103105040009,-0.05879103105040009,-0.05879103105040009,-0.05879103105040009,-0.05879103105040009,-0.038060604798863036,0.0,0.0,0.0,0.0,0.010265351595408471,0.1843462059088587,0.3223779293893467,0.393427150761141,0.46149891615105787,0.4910086668656586,1.3358626146576733,1.3406128753082487,1.3406128753082487,1.3406128753082487,1.3406128753082487,1.3696004586723436,1.3830227020632044,1.3894033029258188,1.3894033029258188,1.4198625674457006,1.4198625674457006,1.4198625674457006,2.268646727779692,2.268646727779692,2.268646727779692,2.2782892291679513,2.288161511660701,2.2979949697569118,2.2979949697569118,2.2979949697569118,2.2979949697569118,3.0773802381700817,3.1068343181872304,3.116744588209562,4.380405504160913,4.398059458633371,4.494041268162879,4.501508841363592,4.518710438997684,4.631976401804184,4.7799195208772876,4.964022689415957,5.267984052303958,5.343273938430865,5.347465119973964,5.399606391620652,5.444735277442684,5.725249468499904
FIRST HEALTH NETWORK | HMO,-1.2713637333241694,-1.2713637333241694,-1.2713637333241694,-1.2713637333241694,-1.2142016800833388,-1.141000349138119,-1.1282631871339441,-1.04821824857989,-1.032821376863,-0.9866418650485101,-0.9551271181604799,-0.5728740262092741,-0.5679840409150823,-0.5481814136189027,-0.5481814136189027,-0.5481814136189027,-0.3147237593388182,-0.3119028426227289,-0.3001104600339737,-0.17917826734259445,-0.16251893280691798,-0.12079726934286043,-0.12079726934286043,-0.12079726934286043,-0.12079726934286043,-0.05879103105040009,-0.05879103105040009,-0.05879103105040009,-0.05879103105040009,-0.05879103105040009,-0.038060604798863036,0.0,0.0,0.0,0.0,0.010265351595408471,0.1843462059088587,0.3223779293893467,0.393427150761141,0.46149891615105787,0.4910086668656586,1.3358626146576733,1.3406128753082487,1.3406128753082487,1.3406128753082487,1.3406128753082487,1.3696004586723436,1.3830227020632044,1.3894033029258188,1.3894033029258188,1.4198625674457006,1.4198625674457006,1.4198625674457006,2.268646727779692,2.268646727779692,2.268646727779692,2.2782892291679513,2.288161511660701,2.2979949697569118,2.2979949697569118,2.2979949697569118,2.2979949697569118,3.0773802381700817,3.1068343181872304,3.116744588209562,4.380405504160913,4.398059458633371,4.494041268162879,4.501508841363592,4.518710438997684,4.631976401804184,4.7799195208772876,4.964022689415957,5.267984052303958,5.343273938430865,5.347465119973964,5.399606391620652,5.444735277442684,5.725249468499904
UNITEDHEALTHCARE | EXCHANGE,-1.2816290849195777,-1.2816290849195777,-1.2816290849195777,-1.2816290849195777,-1.2244670316787474,-1.1512657007335276,-1.1385285387293527,-1.0584836001752989,-1.0430867284584084,-0.9969072166439188,-0.9653924697558884,-0.5831393778046826,-0.5782493925104909,-0.558446765214311,-0.558446765214311,-0.558446765214311,-0.3249891109342267,-0.3221681942181374,-0.31037581162938216,-0.18944361893800296,-0.1727842844023265,-0.13106262093826893,-0.13106262093826893,-0.13106262093826893,-0.13106262093826893,-0.06905638264580855,-0.06905638264580855,-0.06905638264580855,-0.06905638264580855,-0.06905638264580855,-0.04832595639427153,-0.01026535159540852,-0.01026535159540852,-0.01026535159540852,-0.01026535159540852,0.0,0.17408085431345025,0.3121125777939382,0.3831617991657325,0.45123356455564934,0.4807433152702501,1.3255972630622648,1.3303475237128402,1.3303475237128402,1.3303475237128402,1.3303475237128402,1.3593351070769353,1.372757350467796,1.3791379513304105,1.3791379513304105,1.409597215850292,1.409597215850292,1.409597215850292,2.2583813761842833,2.2583813761842833,2.2583813761842833,2.268023877572543,2.2778961600652923,2.287729618161503,2.287729618161503,2.287729618161503,2.287729618161503,3.0671148865746733,3.0965689665918217,3.106479236614154,4.370140152565504,4.387794107037963,4.48377591656747,4.491243489768184,4.508445087402276,4.621711050208775,4.769654169281879,4.953757337820549,5.2577187007085495,5.333008586835457,5.3371997683785555,5.3893410400252435,5.434469925847275,5.714984116904495
UNITEDHEALTHCARE | PPO,-1.455709939233028,-1.455709939233028,-1.455709939233028,-1.455709939233028,-1.3985478859921976,-1.3253465550469778,-1.3126093930428029,-1.2325644544887489,-1.2171675827718587,-1.1709880709573688,-1.1394733240693387,-0.7572202321181328,-0.752330246823941,-0.7325276195277612,-0.7325276195277612,-0.7325276195277612,-0.4990699652476768,-0.49624904853158763,-0.48445666594283243,-0.3635244732514531,-0.34686513871577657,-0.30514347525171903,-0.30514347525171903,-0.30514347525171903,-0.30514347525171903,-0.24313723695925873,-0.24313723695925873,-0.24313723695925873,-0.24313723695925873,-0.24313723695925873,-0.22240681070772175,-0.18434620590885872,-0.18434620590885872,-0.18434620590885872,-0.18434620590885872,-0.1740808543134502,0.0,0.138031723480488,0.20908094485228243,0.2771527102421992,0.3066624609567999,1.1515164087488148,1.15626666939939,1.15626666939939,1.15626666939939,1.15626666939939,1.185254252763485,1.1986764961543457,1.2050570970169603,1.2050570970169603,1.2355163615368419,1.2355163615368419,1.2355163615368419,2.084300521870833,2.084300521870833,2.084300521870833,2.0939430232590928,2.103815305751842,2.113648763848053,2.113648763848053,2.113648763848053,2.113648763848053,2.893034032261223,2.9224881122783715,2.9323983823007036,4.196059298252054,4.213713252724512,4.30969506225402,4.317162635454734,4.3343642330888255,4.447630195895325,4.595573314968429,4.779676483507099,5.083637846395099,5.158927732522007,5.163118914065105,5.215260185711793,5.260389071533825,5.540903262591045
UNITEDHEALTHCARE | HMO,-1.593741662713516,-1.593741662713516,-1.593741662713516,-1.593741662713516,-1.5365796094726856,-1.4633782785274658,-1.4506411165232906,-1.370596177969237,-1.3551993062523466,-1.3090197944378568,-1.2775050475498266,-0.8952519555986208,-0.890361970304429,-0.8705593430082493,-0.8705593430082493,-0.8705593430082493,-0.637101688728165,-0.6342807720120756,-0.6224883894233204,-0.5015561967319412,-0.4848968621962646,-0.4431751987322071,-0.4431751987322071,-0.4431751987322071,-0.4431751987322071,-0.38116896043974674,-0.38116896043974674,-0.38116896043974674,-0.38116896043974674,-0.38116896043974674,-0.3604385341882097,-0.32237792938934673,-0.32237792938934673,-0.32237792938934673,-0.32237792938934673,-0.3121125777939382,-0.13803172348048806,0.0,0.07104922137179438,0.1391209867617111,0.1686307374763119,1.0134846852683266,1.0182349459189017,1.0182349459189017,1.0182349459189017,1.0182349459189017,1.0472225292829969,1.0606447726738577,1.0670253735364723,1.0670253735364723,1.0974846380563539,1.0974846380563539,1.0974846380563539,1.9462687983903453,1.9462687983903453,1.9462687983903453,1.9559112997786046,1.9657835822713543,1.9756170403675648,1.9756170403675648,1.9756170403675648,1.9756170403675648,2.755002308780735,2.7844563887978837,2.7943666588202154,4.058027574771566,4.075681529244024,4.1716633387735325,4.179130911974246,4.196332509608337,4.309598472414836,4.457541591487941,4.641644760026611,4.9456061229146115,5.020896009041518,5.025087190584617,5.077228462231305,5.122357348053337,5.402871539110557
AETNA | COMMERCIAL,-1.6647908840853103,-1.6647908840853103,-1.6647908840853103,-1.6647908840853103,-1.6076288308444797,-1.5344274998992602,-1.521690337895085,-1.4416453993410312,-1.426248527624141,-1.3800690158096514,-1.348554268921621,-0.9663011769704153,-0.9614111916762235,-0.9416085643800436,-0.9416085643800436,-0.9416085643800436,-0.7081509100999592,-0.7053299933838699,-0.6935376107951148,-0.5726054181037356,-0.555946083568059,-0.5142244201040014,-0.5142244201040014,-0.5142244201040014,-0.5142244201040014,-0.4522181818115411,-0.4522181818115411,-0.4522181818115411,-0.4522181818115411,-0.4522181818115411,-0.4314877555600041,-0.3934271507611411,-0.3934271507611411,-0.3934271507611411,-0.3934271507611411,-0.38316179916573256,-0.20908094485228232,-0.07104922137179435,0.0,0.06807176538991687,0.09758151610451758,0.9424354638965322,0.9471857245471075,0.9471857245471075,0.9471857245471075,0.9471857245471075,0.9761733079112027,0.9895955513020636,0.9959761521646779,0.9959761521646779,1.0264354166845595,1.0264354166845595,1.0264354166845595,1.875219577018551,1.875219577018551,1.875219577018551,1.8848620784068104,1.89473436089956,1.9045678189957704,1.9045678189957704,1.9045678189957704,1.9045678189957704,2.6839530874089403,2.713407167426089,2.7233174374484213,3.9869783533997722,4.00463230787223,4.100614117401738,4.108081690602452,4.125283288236543,4.238549251043042,4.386492370116147,4.570595538654816,4.874556901542817,4.949846787669724,4.9540379692128225,5.0061792408595105,5.051308126681543,5.331822317738763
MEDICAID / MANAGED MEDICAID | MEDICAID MANAGED CARE,-1.732862649475227,-1.732862649475227,-1.732862649475227,-1.732862649475227,-1.6757005962343967,-1.602499265289177,-1.589762103285002,-1.5097171647309482,-1.4943202930140578,-1.448140781199568,-1.4166260343115378,-1.034372942360332,-1.0294829570661401,-1.0096803297699606,-1.0096803297699606,-1.0096803297699606,-0.7762226754898761,-0.7734017587737867,-0.7616093761850316,-0.6406771834936522,-0.6240178489579757,-0.5822961854939183,-0.5822961854939183,-0.5822961854939183,-0.5822961854939183,-0.5202899472014578,-0.5202899472014578,-0.5202899472014578,-0.5202899472014578,-0.5202899472014578,-0.49955952094992084,-0.4614989161510578,-0.4614989161510578,-0.4614989161510578,-0.4614989161510578,-0.4512335645556493,-0.27715271024219923,-0.13912098676171114,-0.06807176538991676,0.0,0.029509750714600783,0.8743636985066154,0.8791139591571908,0.8791139591571908,0.8791139591571908,0.8791139591571908,0.9081015425212858,0.9215237859121466,0.9279043867747611,0.9279043867747611,0.9583636512946426,0.9583636512946426,0.9583636512946426,1.8071478116286341,1.8071478116286341,1.8071478116286341,1.8167903130168934,1.8266625955096432,1.8364960536058537,1.8364960536058537,1.8364960536058537,1.8364960536058537,2.615881322019024,2.6453354020361726,2.6552456720585043,3.9189065880098553,3.936560542482313,4.032542352011821,4.0400099252125345,4.057211522846626,4.170477485653126,4.31842060472623,4.502523773264899,4.8064851361529,4.8817750222798075,4.885966203822906,4.938107475469594,4.983236361291626,5.263750552348846
MEDICAID / MANAGED MEDICAID | COMMERCIAL,-1.762372400189828,-1.762372400189828,-1.762372400189828,-1.762372400189828,-1.7052103469489974,-1.6320090160037777,-1.6192718539996027,-1.539226915445549,-1.5238300437286585,-1.4776505319141688,-1.4461357850261385,-1.0638826930749328,-1.058992707780741,-1.0391900804845613,-1.0391900804845613,-1.0391900804845613,-0.8057324262044768,-0.8029115094883875,-0.7911191268996324,-0.670186934208253,-0.6535275996725767,-0.6118059362085191,-0.6118059362085191,-0.6118059362085191,-0.6118059362085191,-0.5497996979160585,-0.5497996979160585,-0.5497996979160585,-0.5497996979160585,-0.5497996979160585,-0.5290692716645217,-0.49100866686565864,-0.49100866686565864,-0.49100866686565864,-0.49100866686565864,-0.4807433152702501,-0.30666246095679994,-0.16863073747631188,-0.09758151610451757,-0.029509750714600765,0.0,0.8448539477920146,0.84960420844259,0.84960420844259,0.84960420844259,0.84960420844259,0.8785917918066852,0.8920140351975459,0.8983946360601603,0.8983946360601603,0.9288539005800418,0.9288539005800418,0.9288539005800418,1.7776380609140332,1.7776380609140332,1.7776380609140332,1.7872805623022927,1.7971528447950424,1.806986302891253,1.806986302891253,1.806986302891253,1.806986302891253,2.586371571304423,2.615825651321572,2.6257359213439035,3.8893968372952545,3.9070507917677126,4.00303260129722,4.010500174497934,4.027701772132025,4.140967734938525,4.288910854011629,4.473014022550299,4.776975385438299,4.852265271565207,4.856456453108305,4.908597724754993,4.953726610577025,5.234240801634245
UNITEDHEALTHCARE | MEDICARE ADVANTAGE,-2.6072263479818427,-2.6072263479818427,-2.6072263479818427,-2.6072263479818427,-2.550064294741012,-2.4768629637957926,-2.464125801791617,-2.3840808632375636,-2.368683991520673,-2.3225044797061836,-2.290989732818153,-1.9087366408669475,-1.9038466555727556,-1.884044028276576,-1.884044028276576,-1.884044028276576,-1.6505863739964914,-1.6477654572804021,-1.635973074691647,-1.5150408820002677,-1.4983815474645912,-1.4566598840005338,-1.4566598840005338,-1.4566598840005338,-1.4566598840005338,-1.3946536457080734,-1.3946536457080734,-1.3946536457080734,-1.3946536457080734,-1.3946536457080734,-1.3739232194565363,-1.3358626146576733,-1.3358626146576733,-1.3358626146576733,-1.3358626146576733,-1.3255972630622648,-1.1515164087488146,-1.0134846852683266,-0.9424354638965323,-0.8743636985066154,-0.8448539477920147,0.0,0.0047502606505753315,0.0047502606505753315,0.0047502606505753315,0.0047502606505753315,0.03373784401467047,0.047160087405531216,0.05354068826814574,0.05354068826814574,0.08399995278802716,0.08399995278802716,0.08399995278802716,0.9327841131220186,0.9327841131220186,0.9327841131220186,0.942426614510278,0.9522988970030277,0.9621323550992382,0.9621323550992382,0.9621323550992382,0.9621323550992382,1.7415176235124084,1.770971703529557,1.7808819735518888,3.04454288950324,3.062196843975698,3.158178653505206,3.1656462267059196,3.1828478243400107,3.2961137871465103,3.4440569062196147,3.628160074758284,3.932121437646285,4.007411323773192,4.011602505316291,4.063743776962979,4.108872662785011,4.389386853842231
WELLCARE | MEDICARE ADVANTAGE,-2.611976608632418,-2.611976608632418,-2.611976608632418,-2.611976608632418,-2.5548145553915873,-2.4816132244463676,-2.4688760624421926,-2.3888311238881386,-2.3734342521712484,-2.327254740356759,-2.2957399934687284,-1.9134869015175227,-1.908596916223331,-1.8887942889271512,-1.8887942889271512,-1.8887942889271512,-1.6553366346470668,-1.6525157179309775,-1.6407233353422224,-1.519791142650843,-1.5031318081151666,-1.461410144651109,-1.461410144651109,-1.461410144651109,-1.461410144651109,-1.3994039063586485,-1.3994039063586485,-1.3994039063586485,-1.3994039063586485,-1.3994039063586485,-1.3786734801071114,-1.3406128753082487,-1.3406128753082487,-1.3406128753082487,-1.3406128753082487,-1.3303475237128402,-1.15626666939939,-1.0182349459189017,-0.9471857245471075,-0.8791139591571907,-0.84960420844259,-0.004750260650575248,0.0,0.0,0.0,0.0,0.02898758336409517,0.04240982675495589,0.04879042761757025,0.04879042761757025,0.07924969213745188,0.07924969213745188,0.07924969213745188,0.9280338524714433,0.9280338524714433,0.9280338524714433,0.9376763538597028,0.9475486363524523,0.957382094448663,0.957382094448663,0.957382094448663,0.957382094448663,1.736767362861833,1.7662214428789818,1.7761317129013137,3.0397926288526644,3.0574465833251225,3.1534283928546305,3.160895966055344,3.1780975636894353,3.291363526495935,3.4393066455690393,3.6234098141077085,3.9273711769957096,4.002661063122617,4.0068522446657155,4.058993516312404,4.104122402134435,4.384636593191655
FIRST MEDICARE DIRECT | MEDICARE ADVANTAGE,-2.611976608632418,-2.611976608632418,-2.611976608632418,-2.611976608632418,-2.5548145553915873,-2.4816132244463676,-2.4688760624421926,-2.3888311238881386,-2.3734342521712484,-2.327254740356759,-2.2957399934687284,-1.9134869015175227,-1.908596916223331,-1.8887942889271512,-1.8887942889271512,-1.8887942889271512,-1.6553366346470668,-1.6525157179309775,-1.6407233353422224,-1.519791142650843,-1.5031318081151666,-1.461410144651109,-1.461410144651109,-1.461410144651109,-1.461410144651109,-1.3994039063586485,-1.3994039063586485,-1.3994039063586485,-1.3994039063586485,-1.3994039063586485,-1.3786734801071114,-1.3406128753082487,-1.3406128753082487,-1.3406128753082487,-1.3406128753082487,-1.3303475237128402,-1.15626666939939,-1.0182349459189017,-0.9471857245471075,-0.8791139591571907,-0.84960420844259,-0.004750260650575248,0.0,0.0,0.0,0.0,0.02898758336409517,0.04240982675495589,0.04879042761757025,0.04879042761757025,0.07924969213745188,0.07924969213745188,0.07924969213745188,0.9280338524714433,0.9280338524714433,0.9280338524714433,0.9376763538597028,0.9475486363524523,0.957382094448663,0.957382094448663,0.957382094448663,0.957382094448663,1.736767362861833,1.7662214428789818,1.7761317129013137,3.0397926288526644,3.0574465833251225,3.1534283928546305,3.160895966055344,3.1780975636894353,3.291363526495935,3.4393066455690393,3.6234098141077085,3.9273711769957096,4.002661063122617,4.0068522446657155,4.058993516312404,4.104122402134435,4.384636593191655
HUMANA | HMO,-2.611976608632418,-2.611976608632418,-2.611976608632418,-2.611976608632418,-2.5548145553915873,-2.4816132244463676,-2.4688760624421926,-2.3888311238881386,-2.3734342521712484,-2.327254740356759,-2.2957399934687284,-1.9134869015175227,-1.908596916223331,-1.8887942889271512,-1.8887942889271512,-1.8887942889271512,-1.6553366346470668,-1.6525157179309775,-1.6407233353422224,-1.519791142650843,-1.5031318081151666,-1.461410144651109,-1.461410144651109,-1.461410144651109,-1.461410144651109,-1.3994039063586485,-1.3994039063586485,-1.3994039063586485,-1.3994039063586485,-1.3994039063586485,-1.3786734801071114,-1.3406128753082487,-1.3406128753082487,-1.3406128753082487,-1.3406128753082487,-1.3303475237128402,-1.15626666939939,-1.0182349459189017,-0.9471857245471075,-0.8791139591571907,-0.84960420844259,-0.004750260650575248,0.0,0.0,0.0,0.0,0.02898758336409517,0.04240982675495589,0.04879042761757025,0.04879042761757025,0.07924969213745188,0.07924969213745188,0.07924969213745188,0.9280338524714433,0.9280338524714433,0.9280338524714433,0.9376763538597028,0.9475486363524523,0.957382094448663,0.957382094448663,0.957382094448663,0.957382094448663,1.736767362861833,1.7662214428789818,1.7761317129013137,3.0397926288526644,3.0574465833251225,3.1534283928546305,3.160895966055344,3.1780975636894353,3.291363526495935,3.4393066455690393,3.6234098141077085,3.9273711769957096,4.002661063122617,4.0068522446657155,4.058993516312404,4.104122402134435,4.384636593191655
HUMANA | MEDICARE ADVANTAGE,-2.611976608632418,-2.611976608632418,-2.611976608632418,-2.611976608632418,-2.5548145553915873,-2.4816132244463676,-2.4688760624421926,-2.3888311238881386,-2.3734342521712484,-2.327254740356759,-2.2957399934687284,-1.9134869015175227,-1.908596916223331,-1.8887942889271512,-1.8887942889271512,-1.8887942889271512,-1.6553366346470668,-1.6525157179309775,-1.6407233353422224,-1.519791142650843,-1.5031318081151666,-1.461410144651109,-1.461410144651109,-1.461410144651109,-1.461410144651109,-1.3994039063586485,-1.3994039063586485,-1.3994039063586485,-1.3994039063586485,-1.3994039063586485,-1.3786734801071114,-1.3406128753082487,-1.3406128753082487,-1.3406128753082487,-1.3406128753082487,-1.3303475237128402,-1.15626666939939,-1.0182349459189017,-0.9471857245471075,-0.8791139591571907,-0.84960420844259,-0.004750260650575248,0.0,0.0,0.0,0.0,0.02898758336409517,0.04240982675495589,0.04879042761757025,0.04879042761757025,0.07924969213745188,0.07924969213745188,0.07924969213745188,0.9280338524714433,0.9280338524714433,0.9280338524714433,0.9376763538597028,0.9475486363524523,0.957382094448663,0.957382094448663,0.957382094448663,0.957382094448663,1.736767362861833,1.7662214428789818,1.7761317129013137,3.0397926288526644,3.0574465833251225,3.1534283928546305,3.160895966055344,3.1780975636894353,3.291363526495935,3.4393066455690393,3.6234098141077085,3.9273711769957096,4.002661063122617,4.0068522446657155,4.058993516312404,4.104122402134435,4.384636593191655
AETNA | MEDICARE ADVANTAGE,-2.6409641919965128,-2.6409641919965128,-2.6409641919965128,-2.6409641919965128,-2.5838021387556824,-2.5106008078104627,-2.4978636458062877,-2.417818707252234,-2.4024218355353435,-2.356242323720854,-2.3247275768328235,-1.9424744848816178,-1.9375844995874258,-1.9177818722912463,-1.9177818722912463,-1.9177818722912463,-1.684324218011162,-1.6815033012950726,-1.6697109187063175,-1.5487787260149382,-1.5321193914792617,-1.490397728015204,-1.490397728015204,-1.490397728015204,-1.490397728015204,-1.4283914897227437,-1.4283914897227437,-1.4283914897227437,-1.4283914897227437,-1.4283914897227437,-1.4076610634712066,-1.3696004586723436,-1.3696004586723436,-1.3696004586723436,-1.3696004586723436,-1.359335107076935,-1.185254252763485,-1.047222529282997,-0.9761733079112027,-0.9081015425212859,-0.8785917918066851,-0.03373784401467036,-0.02898758336409508,-0.02898758336409508,-0.02898758336409508,-0.02898758336409508,0.0,0.013422243390860743,0.01980284425347519,0.01980284425347519,0.05026210877335689,0.05026210877335689,0.05026210877335689,0.8990462691073483,0.8990462691073483,0.8990462691073483,0.9086887704956077,0.9185610529883572,0.9283945110845679,0.9283945110845679,0.9283945110845679,0.9283945110845679,1.707779779497738,1.7372338595148866,1.7471441295372185,3.0108050454885693,3.0284589999610274,3.1244408094905354,3.131908382691249,3.14910998032534,3.2623759431318398,3.410319062204944,3.5944222307436133,3.8983835936316145,3.9736734797585216,3.97786466130162,4.030005932948308,4.07513481877034,4.35564900982756
OSCAR HEALTH | MEDICARE ADVANTAGE HMO,-2.654386435387374,-2.654386435387374,-2.654386435387374,-2.654386435387374,-2.597224382146543,-2.5240230512013238,-2.511285889197149,-2.4312409506430948,-2.4158440789262046,-2.3696645671117147,-2.3381498202236846,-1.9558967282724786,-1.9510067429782867,-1.9312041156821071,-1.9312041156821071,-1.9312041156821071,-1.6977464614020228,-1.6949255446859335,-1.6831331620971783,-1.562200969405799,-1.5455416348701225,-1.503819971406065,-1.503819971406065,-1.503819971406065,-1.503819971406065,-1.4418137331136045,-1.4418137331136045,-1.4418137331136045,-1.4418137331136045,-1.4418137331136045,-1.4210833068620674,-1.3830227020632047,-1.3830227020632047,-1.3830227020632047,-1.3830227020632047,-1.3727573504677961,-1.1986764961543457,-1.0606447726738577,-0.9895955513020633,-0.9215237859121467,-0.892014035197546,-0.04716008740553118,-0.0424098267549559,-0.0424098267549559,-0.0424098267549559,-0.0424098267549559,-0.013422243390860802,0.0,0.006380600862614502,0.006380600862614502,0.03683986538249601,0.03683986538249601,0.03683986538249601,0.8856240257164875,0.8856240257164875,0.8856240257164875,0.8952665271047469,0.9051388095974965,0.914972267693707,0.914972267693707,0.914972267693707,0.914972267693707,1.6943575361068772,1.7238116161240258,1.7337218861463577,2.9973828020977087,3.0150367565701663,3.1110185660996743,3.118486139300388,3.1356877369344796,3.248953699740979,3.396896818814083,3.5809999873527527,3.884961350240754,3.960251236367661,3.9644424179107594,4.016583689557447,4.061712575379479,4.342226766436699
ALIGNMENT HEALTH | HMO,-2.6607670362499882,-2.6607670362499882,-2.6607670362499882,-2.6607670362499882,-2.603604983009158,-2.530403652063938,-2.517666490059763,-2.437621551505709,-2.422224679788819,-2.376045167974329,-2.344530421086299,-1.962277329135093,-1.9573873438409013,-1.9375847165447215,-1.9375847165447215,-1.9375847165447215,-1.7041270622646372,-1.7013061455485479,-1.6895137629597927,-1.5685815702684134,-1.551922235732737,-1.5102005722686793,-1.5102005722686793,-1.5102005722686793,-1.5102005722686793,-1.448194333976219,-1.448194333976219,-1.448194333976219,-1.448194333976219,-1.448194333976219,-1.427463907724682,-1.3894033029258188,-1.3894033029258188,-1.3894033029258188,-1.3894033029258188,-1.3791379513304105,-1.2050570970169603,-1.067025373536472,-0.9959761521646779,-0.9279043867747611,-0.8983946360601602,-0.05354068826814561,-0.04879042761757041,-0.04879042761757041,-0.04879042761757041,-0.04879042761757041,-0.019802844253475272,-0.006380600862614432,0.0,0.0,0.030459264519881662,0.030459264519881662,0.030459264519881662,0.8792434248538729,0.8792434248538729,0.8792434248538729,0.8888859262421324,0.8987582087348821,0.9085916668310926,0.9085916668310926,0.9085916668310926,0.9085916668310926,1.6879769352442626,1.7174310152614114,1.727341285283743,2.9910022012350943,3.008656155707552,3.10463796523706,3.112105538437774,3.129307136071865,3.2425730988783648,3.3905162179514687,3.5746193864901383,3.8785807493781395,3.9538706355050466,3.958061817048145,4.0102030886948326,4.055331974516864,4.335846165574085
HEALTH TEAM ADVANTAGE | MEDICARE ADVANTAGE,-2.6607670362499882,-2.6607670362499882,-2.6607670362499882,-2.6607670362499882,-2.603604983009158,-2.530403652063938,-2.517666490059763,-2.437621551505709,-2.422224679788819,-2.376045167974329,-2.344530421086299,-1.962277329135093,-1.9573873438409013,-1.9375847165447215,-1.9375847165447215,-1.9375847165447215,-1.7041270622646372,-1.7013061455485479,-1.6895137629597927,-1.5685815702684134,-1.551922235732737,-1.5102005722686793,-1.5102005722686793,-1.5102005722686793,-1.5102005722686793,-1.448194333976219,-1.448194333976219,-1.448194333976219,-1.448194333976219,-1.448194333976219,-1.427463907724682,-1.3894033029258188,-1.3894033029258188,-1.3894033029258188,-1.3894033029258188,-1.3791379513304105,-1.2050570970169603,-1.067025373536472,-0.9959761521646779,-0.9279043867747611,-0.8983946360601602,-0.05354068826814561,-0.04879042761757041,-0.04879042761757041,-0.04879042761757041,-0.04879042761757041,-0.019802844253475272,-0.006380600862614432,0.0,0.0,0.030459264519881662,0.030459264519881662,0.030459264519881662,0.8792434248538729,0.8792434248538729,0.8792434248538729,0.8888859262421324,0.8987582087348821,0.9085916668310926,0.9085916668310926,0.9085916668310926,0.9085916668310926,1.6879769352442626,1.7174310152614114,1.727341285283743,2.9910022012350943,3.008656155707552,3.10463796523706,3.112105538437774,3.129307136071865,3.2425730988783648,3.3905162179514687,3.5746193864901383,3.8785807493781395,3.9538706355050466,3.958061817048145,4.0102030886948326,4.055331974516864,4.335846165574085
BCBS | MEDICARE ADVANTAGE,-2.69122630076987,-2.69122630076987,-2.69122630076987,-2.69122630076987,-2.6340642475290394,-2.5608629165838197,-2.5481257545796443,-2.4680808160255907,-2.4526839443087005,-2.4065044324942106,-2.3749896856061805,-1.9927365936549746,-1.9878466083607829,-1.968043981064603,-1.968043981064603,-1.968043981064603,-1.7345863267845187,-1.7317654100684294,-1.7199730274796743,-1.599040834788295,-1.5823815002526185,-1.5406598367885609,-1.5406598367885609,-1.5406598367885609,-1.5406598367885609,-1.4786535984961005,-1.4786535984961005,-1.4786535984961005,-1.4786535984961005,-1.4786535984961005,-1.4579231722445636,-1.4198625674457006,-1.4198625674457006,-1.4198625674457006,-1.4198625674457006,-1.409597215850292,-1.2355163615368419,-1.0974846380563539,-1.0264354166845595,-0.9583636512946427,-0.9288539005800419,-0.08399995278802719,-0.07924969213745195,-0.07924969213745195,-0.07924969213745195,-0.07924969213745195,-0.050262108773356795,-0.03683986538249604,-0.030459264519881516,-0.030459264519881516,0.0,0.0,0.0,0.8487841603339915,0.8487841603339915,0.8487841603339915,0.8584266617222508,0.8682989442150004,0.878132402311211,0.878132402311211,0.878132402311211,0.878132402311211,1.657517670724381,1.6869717507415298,1.6968820207638615,2.9605429367152127,2.9781968911876704,3.0741787007171784,3.081646273917892,3.0988478715519836,3.212113834358483,3.360056953431587,3.5441601219702568,3.8481214848582574,3.923411370985165,3.9276025525282634,3.9797438241749514,4.024872709996983,4.305386901054203
TRICARE | HMO,-2.69122630076987,-2.69122630076987,-2.69122630076987,-2.69122630076987,-2.6340642475290394,-2.5608629165838197,-2.5481257545796443,-2.4680808160255907,-2.4526839443087005,-2.4065044324942106,-2.3749896856061805,-1.9927365936549746,-1.9878466083607829,-1.968043981064603,-1.968043981064603,-1.968043981064603,-1.7345863267845187,-1.7317654100684294,-1.7199730274796743,-1.599040834788295,-1.5823815002526185,-1.5406598367885609,-1.5406598367885609,-1.5406598367885609,-1.5406598367885609,-1.4786535984961005,-1.4786535984961005,-1.4786535984961005,-1.4786535984961005,-1.4786535984961005,-1.4579231722445636,-1.4198625674457006,-1.4198625674457006,-1.4198625674457006,-1.4198625674457006,-1.409597215850292,-1.2355163615368419,-1.0974846380563539,-1.0264354166845595,-0.9583636512946427,-0.9288539005800419,-0.08399995278802719,-0.07924969213745195,-0.07924969213745195,-0.07924969213745195,-0.07924969213745195,-0.050262108773356795,-0.03683986538249604,-0.030459264519881516,-0.030459264519881516,0.0,0.0,0.0,0.8487841603339915,0.8487841603339915,0.8487841603339915,0.8584266617222508,0.8682989442150004,0.878132402311211,0.878132402311211,0.878132402311211,0.878132402311211,1.657517670724381,1.6869717507415298,1.6968820207638615,2.9605429367152127,2.9781968911876704,3.0741787007171784,3.081646273917892,3.0988478715519836,3.212113834358483,3.360056953431587,3.5441601219702568,3.8481214848582574,3.923411370985165,3.9276025525282634,3.9797438241749514,4.024872709996983,4.305386901054203
TRICARE | COMMERCIAL,-2.69122630076987,-2.69122630076987,-2.69122630076987,-2.69122630076987,-2.6340642475290394,-2.5608629165838197,-2.5481257545796443,-2.4680808160255907,-2.4526839443087005,-2.4065044324942106,-2.3749896856061805,-1.9927365936549746,-1.9878466083607829,-1.968043981064603,-1.968043981064603,-1.968043981064603,-1.7345863267845187,-1.7317654100684294,-1.7199730274796743,-1.599040834788295,-1.5823815002526185,-1.5406598367885609,-1.5406598367885609,-1.5406598367885609,-1.5406598367885609,-1.4786535984961005,-1.4786535984961005,-1.4786535984961005,-1.4786535984961005,-1.4786535984961005,-1.4579231722445636,-1.4198625674457006,-1.4198625674457006,-1.4198625674457006,-1.4198625674457006,-1.409597215850292,-1.2355163615368419,-1.0974846380563539,-1.0264354166845595,-0.9583636512946427,-0.9288539005800419,-0.08399995278802719,-0.07924969213745195,-0.07924969213745195,-0.07924969213745195,-0.07924969213745195,-0.050262108773356795,-0.03683986538249604,-0.030459264519881516,-0.030459264519881516,0.0,0.0,0.0,0.8487841603339915,0.8487841603339915,0.8487841603339915,0.8584266617222508,0.8682989442150004,0.878132402311211,0.878132402311211,0.878132402311211,0.878132402311211,1.657517670724381,1.6869717507415298,1.6968820207638615,2.9605429367152127,2.9781968911876704,3.0741787007171784,3.081646273917892,3.0988478715519836,3.212113834358483,3.360056953431587,3.5441601219702568,3.8481214848582574,3.923411370985165,3.9276025525282634,3.9797438241749514,4.024872709996983,4.305386901054203
LONGEVITY HEALTH PLAN | MEDICARE,-3.540010461103861,-3.540010461103861,-3.540010461103861,-3.540010461103861,-3.4828484078630306,-3.409647076917811,-3.396909914913636,-3.3168649763595823,-3.3014681046426917,-3.2552885928282023,-3.2237738459401717,-2.841520753988966,-2.836630768694774,-2.8168281413985943,-2.8168281413985943,-2.8168281413985943,-2.5833704871185104,-2.580549570402421,-2.5687571878136657,-2.447824995122286,-2.43116566058661,-2.389443997122552,-2.389443997122552,-2.389443997122552,-2.389443997122552,-2.327437758830092,-2.327437758830092,-2.327437758830092,-2.327437758830092,-2.327437758830092,-2.3067073325785548,-2.268646727779692,-2.268646727779692,-2.268646727779692,-2.268646727779692,-2.2583813761842833,-2.084300521870833,-1.946268798390345,-1.875219577018551,-1.807147811628634,-1.7776380609140332,-0.9327841131220186,-0.9280338524714433,-0.9280338524714433,-0.9280338524714433,-0.9280338524714433,-0.8990462691073482,-0.8856240257164874,-0.879243424853873,-0.879243424853873,-0.8487841603339914,-0.8487841603339914,-0.8487841603339914,0.0,0.0,0.0,0.009642501388259428,0.019514783881009044,0.029348241977219674,0.029348241977219674,0.029348241977219674,0.029348241977219674,0.8087335103903898,0.8381875904075384,0.8480978604298703,2.111758776381221,2.129412730853679,2.225394540383187,2.232862113583901,2.250063711217992,2.3633296740244916,2.511272793097596,2.695375961636265,2.9993373245242663,3.0746272106511734,3.078818392194272,3.13095966384096,3.1760885496629916,3.456602740720212
TROY MEDICARE | MEDICARE ADVANTAGE HMO,-3.540010461103861,-3.540010461103861,-3.540010461103861,-3.540010461103861,-3.4828484078630306,-3.409647076917811,-3.396909914913636,-3.3168649763595823,-3.3014681046426917,-3.2552885928282023,-3.2237738459401717,-2.841520753988966,-2.836630768694774,-2.8168281413985943,-2.8168281413985943,-2.8168281413985943,-2.5833704871185104,-2.580549570402421,-2.5687571878136657,-2.447824995122286,-2.43116566058661,-2.389443997122552,-2.389443997122552,-2.389443997122552,-2.389443997122552,-2.327437758830092,-2.327437758830092,-2.327437758830092,-2.327437758830092,-2.327437758830092,-2.3067073325785548,-2.268646727779692,-2.268646727779692,-2.268646727779692,-2.268646727779692,-2.2583813761842833,-2.084300521870833,-1.946268798390345,-1.875219577018551,-1.807147811628634,-1.7776380609140332,-0.9327841131220186,-0.9280338524714433,-0.9280338524714433,-0.9280338524714433,-0.9280338524714433,-0.8990462691073482,-0.8856240257164874,-0.879243424853873,-0.879243424853873,-0.8487841603339914,-0.8487841603339914,-0.8487841603339914,0.0,0.0,0.0,0.009642501388259428,0.019514783881009044,0.029348241977219674,0.029348241977219674,0.029348241977219674,0.029348241977219674,0.8087335103903898,0.8381875904075384,0.8480978604298703,2.111758776381221,2.129412730853679,2.225394540383187,2.232862113583901,2.250063711217992,2.3633296740244916,2.511272793097596,2.695375961636265,2.9993373245242663,3.0746272106511734,3.078818392194272,3.13095966384096,3.1760885496629916,3.456602740720212
APEXHEALTH MEDICARE ADVANTAGE | MEDICARE ADVANTAGE HMO,-3.540010461103861,-3.540010461103861,-3.540010461103861,-3.540010461103861,-3.4828484078630306,-3.409647076917811,-3.396909914913636,-3.3168649763595823,-3.3014681046426917,-3.2552885928282023,-3.2237738459401717,-2.841520753988966,-2.836630768694774,-2.8168281413985943,-2.8168281413985943,-2.8168281413985943,-2.5833704871185104,-2.580549570402421,-2.5687571878136657,-2.447824995122286,-2.43116566058661,-2.389443997122552,-2.389443997122552,-2.389443997122552,-2.389443997122552,-2.327437758830092,-2.327437758830092,-2.327437758830092,-2.327437758830092,-2.327437758830092,-2.3067073325785548,-2.268646727779692,-2.268646727779692,-2.268646727779692,-2.268646727779692,-2.2583813761842833,-2.084300521870833,-1.946268798390345,-1.875219577018551,-1.807147811628634,-1.7776380609140332,-0.9327841131220186,-0.9280338524714433,-0.9280338524714433,-0.9280338524714433,-0.9280338524714433,-0.8990462691073482,-0.8856240257164874,-0.879243424853873,-0.879243424853873,-0.8487841603339914,-0.8487841603339914,-0.8487841603339914,0.0,0.0,0.0,0.009642501388259428,0.019514783881009044,0.029348241977219674,0.029348241977219674,0.029348241977219674,0.029348241977219674,0.8087335103903898,0.8381875904075384,0.8480978604298703,2.111758776381221,2.129412730853679,2.225394540383187,2.232862113583901,2.250063711217992,2.3633296740244916,2.511272793097596,2.695375961636265,2.9993373245242663,3.0746272106511734,3.078818392194272,3.13095966384096,3.1760885496629916,3.456602740720212
ALIGNMENT HEALTH | MEDICARE,-3.5496529624921207,-3.5496529624921207,-3.5496529624921207,-3.5496529624921207,-3.4924909092512904,-3.4192895783060706,-3.4065524163018956,-3.3265074777478416,-3.3111106060309514,-3.2649310942164615,-3.2334163473284314,-2.8511632553772257,-2.8462732700830338,-2.826470642786854,-2.826470642786854,-2.826470642786854,-2.5930129885067696,-2.5901920717906806,-2.578399689201925,-2.457467496510546,-2.440808161974869,-2.399086498510812,-2.399086498510812,-2.399086498510812,-2.399086498510812,-2.3370802602183516,-2.3370802602183516,-2.3370802602183516,-2.3370802602183516,-2.3370802602183516,-2.3163498339668145,-2.2782892291679513,-2.2782892291679513,-2.2782892291679513,-2.2782892291679513,-2.268023877572543,-2.0939430232590928,-1.9559112997786046,-1.8848620784068102,-1.8167903130168934,-1.7872805623022927,-0.9424266145102781,-0.9376763538597027,-0.9376763538597027,-0.9376763538597027,-0.9376763538597027,-0.9086887704956077,-0.8952665271047469,-0.8888859262421324,-0.8888859262421324,-0.8584266617222508,-0.8584266617222508,-0.8584266617222508,-0.009642501388259544,-0.009642501388259544,-0.009642501388259544,0.0,0.009872282492749632,0.019705740588960203,0.019705740588960203,0.019705740588960203,0.019705740588960203,0.7990910090021303,0.8285450890192788,0.8384553590416108,2.102116274992962,2.1197702294654195,2.215752038994928,2.223219612195641,2.2404212098297327,2.3536871726362323,2.5016302917093363,2.685733460248006,2.9896948231360065,3.064984709262914,3.0691758908060125,3.1213171624527005,3.1664460482747323,3.4469602393319523
HUMANA | MEDICARE ADVANTAGE HMO,-3.5595252449848704,-3.5595252449848704,-3.5595252449848704,-3.5595252449848704,-3.5023631917440396,-3.42916186079882,-3.416424698794645,-3.3363797602405914,-3.320982888523701,-3.2748033767092113,-3.2432886298211807,-2.861035537869975,-2.8561455525757835,-2.8363429252796037,-2.8363429252796037,-2.8363429252796037,-2.602885270999519,-2.60006435428343,-2.5882719716946747,-2.4673397790032956,-2.450680444467619,-2.4089587810035615,-2.4089587810035615,-2.4089587810035615,-2.4089587810035615,-2.346952542711101,-2.346952542711101,-2.346952542711101,-2.346952542711101,-2.346952542711101,-2.326222116459564,-2.288161511660701,-2.288161511660701,-2.288161511660701,-2.288161511660701,-2.2778961600652923,-2.103815305751842,-1.965783582271354,-1.89473436089956,-1.8266625955096432,-1.7971528447950424,-0.9522988970030277,-0.9475486363524523,-0.9475486363524523,-0.9475486363524523,-0.9475486363524523,-0.9185610529883572,-0.9051388095974965,-0.898758208734882,-0.898758208734882,-0.8682989442150004,-0.8682989442150004,-0.8682989442150004,-0.0195147838810091,-0.0195147838810091,-0.0195147838810091,-0.009872282492749568,0.0,0.009833458096210541,0.009833458096210541,0.009833458096210541,0.009833458096210541,0.7892187265093807,0.8186728065265293,0.8285830765488613,2.092243992500212,2.10989794697267,2.205879756502178,2.213347329702892,2.230548927336983,2.3438148901434825,2.491758009216587,2.675861177755256,2.9798225406432572,3.0551124267701644,3.0593036083132628,3.111444879959951,3.1565737657819826,3.437087956839203
UNITEDHEALTHCARE | MEDICARE ADVANTAGE HMO,-3.5693587030810807,-3.5693587030810807,-3.5693587030810807,-3.5693587030810807,-3.5121966498402504,-3.4389953188950306,-3.4262581568908557,-3.3462132183368016,-3.3308163466199114,-3.2846368348054216,-3.2531220879173914,-2.8708689959661857,-2.865979010671994,-2.846176383375814,-2.846176383375814,-2.846176383375814,-2.6127187290957297,-2.6098978123796406,-2.5981054297908854,-2.477173237099506,-2.4605139025638296,-2.418792239099772,-2.418792239099772,-2.418792239099772,-2.418792239099772,-2.3567860008073116,-2.3567860008073116,-2.3567860008073116,-2.3567860008073116,-2.3567860008073116,-2.3360555745557745,-2.2979949697569113,-2.2979949697569113,-2.2979949697569113,-2.2979949697569113,-2.287729618161503,-2.113648763848053,-1.9756170403675648,-1.9045678189957704,-1.8364960536058537,-1.806986302891253,-0.9621323550992382,-0.957382094448663,-0.957382094448663,-0.957382094448663,-0.957382094448663,-0.9283945110845678,-0.914972267693707,-0.9085916668310925,-0.9085916668310925,-0.878132402311211,-0.878132402311211,-0.878132402311211,-0.0293482419772196,-0.0293482419772196,-0.0293482419772196,-0.01970574058896018,-0.009833458096210591,0.0,0.0,0.0,0.0,0.77938526841317,0.8088393484303188,0.8187496184526506,2.0824105344040014,2.1000644888764595,2.1960462984059674,2.203513871606681,2.2207154692407727,2.333981432047272,2.4819245511203762,2.666027719659046,2.9699890825470465,3.0452789686739536,3.049470150217052,3.10161142186374,3.1467403076857723,3.4272544987429923
WELLCARE | MEDICARE ADVANTAGE HMO,-3.5693587030810807,-3.5693587030810807,-3.5693587030810807,-3.5693587030810807,-3.5121966498402504,-3.4389953188950306,-3.4262581568908557,-3.3462132183368016,-3.3308163466199114,-3.2846368348054216,-3.2531220879173914,-2.8708689959661857,-2.865979010671994,-2.846176383375814,-2.846176383375814,-2.846176383375814,-2.6127187290957297,-2.6098978123796406,-2.5981054297908854,-2.477173237099506,-2.4605139025638296,-2.418792239099772,-2.418792239099772,-2.418792239099772,-2.418792239099772,-2.3567860008073116,-2.3567860008073116,-2.3567860008073116,-2.3567860008073116,-2.3567860008073116,-2.3360555745557745,-2.2979949697569113,-2.2979949697569113,-2.2979949697569113,-2.2979949697569113,-2.287729618161503,-2.113648763848053,-1.9756170403675648,-1.9045678189957704,-1.8364960536058537,-1.806986302891253,-0.9621323550992382,-0.957382094448663,-0.957382094448663,-0.957382094448663,-0.957382094448663,-0.9283945110845678,-0.914972267693707,-0.9085916668310925,-0.9085916668310925,-0.878132402311211,-0.878132402311211,-0.878132402311211,-0.0293482419772196,-0.0293482419772196,-0.0293482419772196,-0.01970574058896018,-0.009833458096210591,0.0,0.0,0.0,0.0,0.77938526841317,0.8088393484303188,0.8187496184526506,2.0824105344040014,2.1000644888764595,2.1960462984059674,2.203513871606681,2.2207154692407727,2.333981432047272,2.4819245511203762,2.666027719659046,2.9699890825470465,3.0452789686739536,3.049470150217052,3.10161142186374,3.1467403076857723,3.4272544987429923
AETNA | MEDICARE,-3.5693587030810807,-3.5693587030810807,-3.5693587030810807,-3.5693587030810807,-3.5121966498402504,-3.4389953188950306,-3.4262581568908557,-3.3462132183368016,-3.3308163466199114,-3.2846368348054216,-3.2531220879173914,-2.8708689959661857,-2.865979010671994,-2.846176383375814,-2.846176383375814,-2.846176383375814,-2.6127187290957297,-2.6098978123796406,-2.5981054297908854,-2.477173237099506,-2.4605139025638296,-2.418792239099772,-2.418792239099772,-2.418792239099772,-2.418792239099772,-2.3567860008073116,-2.3567860008073116,-2.3567860008073116,-2.3567860008073116,-2.3567860008073116,-2.3360555745557745,-2.2979949697569113,-2.2979949697569113,-2.2979949697569113,-2.2979949697569113,-2.287729618161503,-2.113648763848053,-1.9756170403675648,-1.9045678189957704,-1.8364960536058537,-1.806986302891253,-0.9621323550992382,-0.957382094448663,-0.957382094448663,-0.957382094448663,-0.957382094448663,-0.9283945110845678,-0.914972267693707,-0.9085916668310925,-0.9085916668310925,-0.878132402311211,-0.878132402311211,-0.878132402311211,-0.0293482419772196,-0.0293482419772196,-0.0293482419772196,-0.01970574058896018,-0.009833458096210591,0.0,0.0,0.0,0.0,0.77938526841317,0.8088393484303188,0.8187496184526506,2.0824105344040014,2.1000644888764595,2.1960462984059674,2.203513871606681,2.2207154692407727,2.333981432047272,2.4819245511203762,2.666027719659046,2.9699890825470465,3.0452789686739536,3.049470150217052,3.10161142186374,3.1467403076857723,3.4272544987429923
BCBS NC | MEDICARE,-3.5693587030810807,-3.5693587030810807,-3.5693587030810807,-3.5693587030810807,-3.5121966498402504,-3.4389953188950306,-3.4262581568908557,-3.3462132183368016,-3.3308163466199114,-3.2846368348054216,-3.2531220879173914,-2.8708689959661857,-2.865979010671994,-2.846176383375814,-2.846176383375814,-2.846176383375814,-2.6127187290957297,-2.6098978123796406,-2.5981054297908854,-2.477173237099506,-2.4605139025638296,-2.418792239099772,-2.418792239099772,-2.418792239099772,-2.418792239099772,-2.3567860008073116,-2.3567860008073116,-2.3567860008073116,-2.3567860008073116,-2.3567860008073116,-2.3360555745557745,-2.2979949697569113,-2.2979949697569113,-2.2979949697569113,-2.2979949697569113,-2.287729618161503,-2.113648763848053,-1.9756170403675648,-1.9045678189957704,-1.8364960536058537,-1.806986302891253,-0.9621323550992382,-0.957382094448663,-0.957382094448663,-0.957382094448663,-0.957382094448663,-0.9283945110845678,-0.914972267693707,-0.9085916668310925,-0.9085916668310925,-0.878132402311211,-0.878132402311211,-0.878132402311211,-0.0293482419772196,-0.0293482419772196,-0.0293482419772196,-0.01970574058896018,-0.009833458096210591,0.0,0.0,0.0,0.0,0.77938526841317,0.8088393484303188,0.8187496184526506,2.0824105344040014,2.1000644888764595,2.1960462984059674,2.203513871606681,2.2207154692407727,2.333981432047272,2.4819245511203762,2.666027719659046,2.9699890825470465,3.0452789686739536,3.049470150217052,3.10161142186374,3.1467403076857723,3.4272544987429923
UNITEDHEALTHCARE | MEDICAID,-4.348743971494251,-4.348743971494251,-4.348743971494251,-4.348743971494251,-4.291581918253421,-4.218380587308201,-4.205643425304026,-4.125598486749972,-4.110201615033081,-4.0640221032185915,-4.032507356330561,-3.6502542643793556,-3.645364279085164,-3.6255616517889844,-3.6255616517889844,-3.6255616517889844,-3.3921039975089,-3.3892830807928105,-3.3774906982040553,-3.2565585055126762,-3.2398991709769995,-3.198177507512942,-3.198177507512942,-3.198177507512942,-3.198177507512942,-3.1361712692204815,-3.1361712692204815,-3.1361712692204815,-3.1361712692204815,-3.1361712692204815,-3.1154408429689444,-3.0773802381700817,-3.0773802381700817,-3.0773802381700817,-3.0773802381700817,-3.067114886574673,-2.893034032261223,-2.755002308780735,-2.6839530874089403,-2.615881322019024,-2.586371571304423,-1.7415176235124084,-1.736767362861833,-1.736767362861833,-1.736767362861833,-1.736767362861833,-1.7077797794977378,-1.694357536106877,-1.6879769352442626,-1.6879769352442626,-1.657517670724381,-1.657517670724381,-1.657517670724381,-0.8087335103903897,-0.8087335103903897,-0.8087335103903897,-0.7990910090021303,-0.7892187265093807,-0.7793852684131701,-0.7793852684131701,-0.7793852684131701,-0.7793852684131701,0.0,0.029454080017148648,0.03936435003948064,1.3030252659908315,1.3206792204632893,1.4166610299927975,1.4241286031935112,1.4413302008276025,1.554596163634102,1.7025392827072061,1.8866424512458755,2.1906038141338766,2.2658937002607837,2.270084881803882,2.32222615345057,2.367355039272602,2.6478692303298224
SUNSHINE STATE HEALTH PLAN | MEDICAID,-4.3781980515114,-4.3781980515114,-4.3781980515114,-4.3781980515114,-4.3210359982705695,-4.24783466732535,-4.235097505321175,-4.155052566767121,-4.13965569505023,-4.09347618323574,-4.06196143634771,-3.6797083443965044,-3.6748183591023125,-3.6550157318061327,-3.6550157318061327,-3.6550157318061327,-3.4215580775260483,-3.4187371608099593,-3.406944778221204,-3.2860125855298246,-3.2693532509941483,-3.2276315875300905,-3.2276315875300905,-3.2276315875300905,-3.2276315875300905,-3.1656253492376303,-3.1656253492376303,-3.1656253492376303,-3.1656253492376303,-3.1656253492376303,-3.144894922986093,-3.1068343181872304,-3.1068343181872304,-3.1068343181872304,-3.1068343181872304,-3.0965689665918217,-2.9224881122783715,-2.7844563887978837,-2.713407167426089,-2.6453354020361726,-2.6158256513215714,-1.770971703529557,-1.7662214428789815,-1.7662214428789815,-1.7662214428789815,-1.7662214428789815,-1.7372338595148866,-1.7238116161240258,-1.7174310152614112,-1.7174310152614112,-1.6869717507415296,-1.6869717507415296,-1.6869717507415296,-0.8381875904075383,-0.8381875904075383,-0.8381875904075383,-0.8285450890192788,-0.8186728065265293,-0.8088393484303187,-0.8088393484303187,-0.8088393484303187,-0.8088393484303187,-0.02945408001714866,0.0,0.009910270022331948,1.273571185973683,1.2912251404461408,1.3872069499756488,1.3946745231763624,1.4118761208104538,1.5251420836169534,1.6730852026900576,1.857188371228727,2.161149734116728,2.236439620243635,2.2406308017867334,2.2927720734334214,2.3379009592554536,2.6184151503126736
AETNA | MEDICAID MANAGED CARE,-4.388108321533731,-4.388108321533731,-4.388108321533731,-4.388108321533731,-4.330946268292901,-4.257744937347681,-4.245007775343506,-4.164962836789452,-4.149565965072562,-4.103386453258072,-4.071871706370042,-3.6896186144188365,-3.6847286291246446,-3.664926001828465,-3.664926001828465,-3.664926001828465,-3.4314683475483805,-3.428647430832291,-3.416855048243536,-3.2959228555521567,-3.27926352101648,-3.2375418575524226,-3.2375418575524226,-3.2375418575524226,-3.2375418575524226,-3.175535619259962,-3.175535619259962,-3.175535619259962,-3.175535619259962,-3.175535619259962,-3.1548051930084253,-3.116744588209562,-3.116744588209562,-3.116744588209562,-3.116744588209562,-3.1064792366141534,-2.9323983823007036,-2.7943666588202154,-2.7233174374484213,-2.6552456720585043,-2.6257359213439035,-1.7808819735518888,-1.7761317129013137,-1.7761317129013137,-1.7761317129013137,-1.7761317129013137,-1.7471441295372185,-1.7337218861463577,-1.7273412852837433,-1.7273412852837433,-1.6968820207638617,-1.6968820207638617,-1.6968820207638617,-0.8480978604298703,-0.8480978604298703,-0.8480978604298703,-0.8384553590416107,-0.8285830765488612,-0.8187496184526507,-0.8187496184526507,-0.8187496184526507,-0.8187496184526507,-0.039364350039480564,-0.009910270022331875,0.0,1.263660915951351,1.2813148704238089,1.3772966799533168,1.3847642531540305,1.4019658507881219,1.5152318135946212,1.6631749326677256,1.8472781012063948,2.151239464094396,2.2265293502213033,2.2307205317644017,2.2828618034110897,2.3279906892331215,2.608504880290342
BCBS | EXCHANGE,-5.651769237485082,-5.651769237485082,-5.651769237485082,-5.651769237485082,-5.594607184244252,-5.521405853299032,-5.508668691294857,-5.428623752740803,-5.413226881023913,-5.367047369209423,-5.335532622321393,-4.953279530370187,-4.948389545075996,-4.928586917779816,-4.928586917779816,-4.928586917779816,-4.695129263499731,-4.692308346783642,-4.680515964194886,-4.559583771503507,-4.542924436967831,-4.501202773503773,-4.501202773503773,-4.501202773503773,-4.501202773503773,-4.439196535211313,-4.439196535211313,-4.439196535211313,-4.439196535211313,-4.439196535211313,-4.418466108959776,-4.380405504160914,-4.380405504160914,-4.380405504160914,-4.380405504160914,-4.370140152565504,-4.196059298252054,-4.058027574771566,-3.9869783533997722,-3.9189065880098553,-3.8893968372952545,-3.04454288950324,-3.0397926288526644,-3.0397926288526644,-3.0397926288526644,-3.0397926288526644,-3.0108050454885693,-2.9973828020977087,-2.9910022012350943,-2.9910022012350943,-2.9605429367152127,-2.9605429367152127,-2.9605429367152127,-2.111758776381221,-2.111758776381221,-2.111758776381221,-2.102116274992962,-2.092243992500212,-2.082410534404002,-2.082410534404002,-2.082410534404002,-2.082410534404002,-1.3030252659908315,-1.273571185973683,-1.263660915951351,0.0,0.017653954472457888,0.11363576400196582,0.1211033372026795,0.13830493483677084,0.25157089764327034,0.39951401671637476,0.5836171852550439,0.887578548143045,0.9628684342699523,0.9670596158130506,1.0192008874597387,1.0643297732817707,1.344843964338991
BCBS | EMPLOYEE PLAN,-5.669423191957541,-5.669423191957541,-5.669423191957541,-5.669423191957541,-5.612261138716709,-5.53905980777149,-5.526322645767315,-5.4462777072132615,-5.430880835496371,-5.384701323681881,-5.353186576793851,-4.970933484842645,-4.966043499548453,-4.9462408722522735,-4.9462408722522735,-4.9462408722522735,-4.71278321797219,-4.7099623012561,-4.698169918667345,-4.577237725975966,-4.560578391440289,-4.518856727976232,-4.518856727976232,-4.518856727976232,-4.518856727976232,-4.456850489683771,-4.456850489683771,-4.456850489683771,-4.456850489683771,-4.456850489683771,-4.436120063432234,-4.398059458633371,-4.398059458633371,-4.398059458633371,-4.398059458633371,-4.387794107037963,-4.213713252724513,-4.075681529244024,-4.00463230787223,-3.9365605424823134,-3.907050791767712,-3.0621968439756975,-3.0574465833251225,-3.0574465833251225,-3.0574465833251225,-3.0574465833251225,-3.0284589999610274,-3.0150367565701663,-3.008656155707552,-3.008656155707552,-2.9781968911876704,-2.9781968911876704,-2.9781968911876704,-2.129412730853679,-2.129412730853679,-2.129412730853679,-2.1197702294654195,-2.10989794697267,-2.1000644888764595,-2.1000644888764595,-2.1000644888764595,-2.1000644888764595,-1.3206792204632893,-1.2912251404461406,-1.2813148704238086,-0.017653954472457847,0.0,0.09598180952950792,0.10344938273022171,0.120650980364313,0.23391694317081244,0.3818600622439169,0.5659632307825861,0.869924593670587,0.9452144797974944,0.9494056613405928,1.0015469329872808,1.0466758188093128,1.3271900098665328
ABSOLUTE TOTAL CARE | EXCHANGE,-5.765405001487048,-5.765405001487048,-5.765405001487048,-5.765405001487048,-5.708242948246218,-5.635041617300998,-5.622304455296823,-5.542259516742769,-5.526862645025879,-5.4806831332113894,-5.449168386323359,-5.066915294372153,-5.062025309077962,-5.042222681781782,-5.042222681781782,-5.042222681781782,-4.808765027501697,-4.805944110785608,-4.794151728196852,-4.673219535505473,-4.656560200969797,-4.614838537505739,-4.614838537505739,-4.614838537505739,-4.614838537505739,-4.5528322992132795,-4.5528322992132795,-4.5528322992132795,-4.5528322992132795,-4.5528322992132795,-4.532101872961742,-4.494041268162879,-4.494041268162879,-4.494041268162879,-4.494041268162879,-4.48377591656747,-4.30969506225402,-4.1716633387735325,-4.100614117401737,-4.032542352011821,-4.00303260129722,-3.158178653505206,-3.1534283928546305,-3.1534283928546305,-3.1534283928546305,-3.1534283928546305,-3.1244408094905354,-3.1110185660996743,-3.10463796523706,-3.10463796523706,-3.0741787007171784,-3.0741787007171784,-3.0741787007171784,-2.225394540383187,-2.225394540383187,-2.225394540383187,-2.2157520389949275,-2.205879756502178,-2.1960462984059674,-2.1960462984059674,-2.1960462984059674,-2.1960462984059674,-1.4166610299927975,-1.3872069499756488,-1.3772966799533168,-0.11363576400196587,-0.09598180952950808,0.0,0.007467573200713636,0.024669170834804948,0.1379351336413045,0.28587825271440875,0.4699814212530781,0.7739427841410791,0.8492326702679863,0.8534238518110847,0.9055651234577728,0.9506940092798047,1.2312082003370248
BCBS | HMO,-5.772872574687762,-5.772872574687762,-5.772872574687762,-5.772872574687762,-5.7157105214469315,-5.642509190501712,-5.629772028497537,-5.549727089943483,-5.534330218226593,-5.488150706412103,-5.456635959524073,-5.074382867572867,-5.069492882278675,-5.049690254982496,-5.049690254982496,-5.049690254982496,-4.816232600702411,-4.813411683986321,-4.801619301397566,-4.680687108706187,-4.664027774170511,-4.622306110706453,-4.622306110706453,-4.622306110706453,-4.622306110706453,-4.560299872413993,-4.560299872413993,-4.560299872413993,-4.560299872413993,-4.560299872413993,-4.539569446162456,-4.501508841363592,-4.501508841363592,-4.501508841363592,-4.501508841363592,-4.491243489768184,-4.317162635454734,-4.179130911974246,-4.108081690602452,-4.0400099252125345,-4.010500174497934,-3.1656462267059196,-3.160895966055344,-3.160895966055344,-3.160895966055344,-3.160895966055344,-3.131908382691249,-3.118486139300388,-3.1121055384377736,-3.1121055384377736,-3.081646273917892,-3.081646273917892,-3.081646273917892,-2.232862113583901,-2.232862113583901,-2.232862113583901,-2.223219612195641,-2.213347329702892,-2.203513871606681,-2.203513871606681,-2.203513871606681,-2.203513871606681,-1.424128603193511,-1.3946745231763624,-1.3847642531540305,-0.12110333720267956,-0.10344938273022176,-0.007467573200713699,0.0,0.01720159763409131,0.1304675604405908,0.27841067951369514,0.4625138480523644,0.7664752109403654,0.8417650970672726,0.8459562786103709,0.898097550257059,0.943226436079091,1.2237406271363112
CLOVER HEALTH | MEDICARE ADVANTAGE,-5.790074172321853,-5.790074172321853,-5.790074172321853,-5.790074172321853,-5.732912119081023,-5.659710788135803,-5.646973626131628,-5.566928687577574,-5.551531815860684,-5.505352304046194,-5.473837557158164,-5.091584465206958,-5.086694479912766,-5.066891852616586,-5.066891852616586,-5.066891852616586,-4.833434198336502,-4.830613281620413,-4.818820899031658,-4.6978887063402786,-4.681229371804602,-4.6395077083405445,-4.6395077083405445,-4.6395077083405445,-4.6395077083405445,-4.577501470048084,-4.577501470048084,-4.577501470048084,-4.577501470048084,-4.577501470048084,-4.556771043796547,-4.518710438997684,-4.518710438997684,-4.518710438997684,-4.518710438997684,-4.508445087402276,-4.3343642330888255,-4.196332509608338,-4.125283288236543,-4.057211522846626,-4.027701772132025,-3.1828478243400107,-3.1780975636894353,-3.1780975636894353,-3.1780975636894353,-3.1780975636894353,-3.14910998032534,-3.1356877369344796,-3.129307136071865,-3.129307136071865,-3.0988478715519836,-3.0988478715519836,-3.0988478715519836,-2.250063711217992,-2.250063711217992,-2.250063711217992,-2.2404212098297327,-2.230548927336983,-2.2207154692407722,-2.2207154692407722,-2.2207154692407722,-2.2207154692407722,-1.4413302008276023,-1.4118761208104538,-1.4019658507881219,-0.13830493483677092,-0.12065098036431304,-0.02466917083480504,-0.01720159763409127,0.0,0.11326596280649946,0.26120908187960384,0.4453122504182731,0.7492736133062741,0.8245634994331813,0.8287546809762797,0.8808959526229678,0.9260248384449996,1.2065390295022198
OPTUM HEALTH CARE SOLUTIONS | MEDICARE ADVANTAGE,-5.903340135128353,-5.903340135128353,-5.903340135128353,-5.903340135128353,-5.846178081887523,-5.772976750942303,-5.760239588938128,-5.680194650384074,-5.664797778667183,-5.618618266852693,-5.587103519964663,-5.204850428013458,-5.199960442719266,-5.180157815423086,-5.180157815423086,-5.180157815423086,-4.946700161143002,-4.943879244426912,-4.932086861838157,-4.811154669146778,-4.794495334611101,-4.752773671147044,-4.752773671147044,-4.752773671147044,-4.752773671147044,-4.690767432854583,-4.690767432854583,-4.690767432854583,-4.690767432854583,-4.690767432854583,-4.670037006603047,-4.631976401804184,-4.631976401804184,-4.631976401804184,-4.631976401804184,-4.621711050208775,-4.447630195895325,-4.309598472414836,-4.238549251043042,-4.170477485653126,-4.140967734938525,-3.2961137871465103,-3.291363526495935,-3.291363526495935,-3.291363526495935,-3.291363526495935,-3.2623759431318398,-3.248953699740979,-3.2425730988783643,-3.2425730988783643,-3.212113834358483,-3.212113834358483,-3.212113834358483,-2.3633296740244916,-2.3633296740244916,-2.3633296740244916,-2.3536871726362323,-2.3438148901434825,-2.333981432047272,-2.333981432047272,-2.333981432047272,-2.333981432047272,-1.554596163634102,-1.5251420836169534,-1.5152318135946212,-0.25157089764327034,-0.23391694317081252,-0.1379351336413045,-0.1304675604405908,-0.11326596280649953,0.0,0.14794311907310437,0.3320462876117737,0.6360076504997747,0.7112975366266818,0.7154887181697803,0.7676299898164682,0.8127588756385001,1.0932730666957204
MEDCOST | COMMERCIAL,-6.051283254201457,-6.051283254201457,-6.051283254201457,-6.051283254201457,-5.994121200960627,-5.920919870015407,-5.908182708011232,-5.828137769457178,-5.812740897740287,-5.766561385925798,-5.735046639037768,-5.352793547086562,-5.3479035617923705,-5.328100934496191,-5.328100934496191,-5.328100934496191,-5.094643280216106,-5.091822363500016,-5.080029980911261,-4.959097788219882,-4.942438453684206,-4.900716790220148,-4.900716790220148,-4.900716790220148,-4.900716790220148,-4.838710551927688,-4.838710551927688,-4.838710551927688,-4.838710551927688,-4.838710551927688,-4.817980125676151,-4.7799195208772876,-4.7799195208772876,-4.7799195208772876,-4.7799195208772876,-4.769654169281879,-4.595573314968429,-4.457541591487941,-4.386492370116147,-4.31842060472623,-4.288910854011629,-3.4440569062196147,-3.4393066455690393,-3.4393066455690393,-3.4393066455690393,-3.4393066455690393,-3.410319062204944,-3.396896818814083,-3.3905162179514687,-3.3905162179514687,-3.360056953431587,-3.360056953431587,-3.360056953431587,-2.511272793097596,-2.511272793097596,-2.511272793097596,-2.5016302917093363,-2.491758009216587,-2.4819245511203762,-2.4819245511203762,-2.4819245511203762,-2.4819245511203762,-1.7025392827072063,-1.6730852026900576,-1.6631749326677256,-0.3995140167163746,-0.38186006224391683,-0.28587825271440875,-0.27841067951369514,-0.26120908187960373,-0.14794311907310426,0.0,0.18410316853866932,0.4880645314266703,0.5633544175535775,0.567545599096676,0.619686870743364,0.6648157565653958,0.9453299476226161
CIGNA | EXCHANGE,-6.2353864227401266,-6.2353864227401266,-6.2353864227401266,-6.2353864227401266,-6.178224369499296,-6.1050230385540765,-6.0922858765499015,-6.0122409379958475,-5.996844066278957,-5.950664554464467,-5.919149807576437,-5.536896715625232,-5.532006730331039,-5.512204103034859,-5.512204103034859,-5.512204103034859,-5.2787464487547755,-5.275925532038686,-5.264133149449931,-5.143200956758552,-5.126541622222875,-5.084819958758818,-5.084819958758818,-5.084819958758818,-5.084819958758818,-5.022813720466357,-5.022813720466357,-5.022813720466357,-5.022813720466357,-5.022813720466357,-5.00208329421482,-4.964022689415957,-4.964022689415957,-4.964022689415957,-4.964022689415957,-4.953757337820549,-4.779676483507099,-4.64164476002661,-4.570595538654816,-4.502523773264899,-4.473014022550299,-3.628160074758284,-3.6234098141077085,-3.6234098141077085,-3.6234098141077085,-3.6234098141077085,-3.5944222307436133,-3.5809999873527527,-3.5746193864901383,-3.5746193864901383,-3.5441601219702568,-3.5441601219702568,-3.5441601219702568,-2.695375961636265,-2.695375961636265,-2.695375961636265,-2.685733460248006,-2.675861177755256,-2.6660277196590454,-2.6660277196590454,-2.6660277196590454,-2.6660277196590454,-1.8866424512458755,-1.857188371228727,-1.847278101206395,-0.583617185255044,-0.565963230782586,-0.469981421253078,-0.46251384805236434,-0.44531225041827305,-0.3320462876117735,-0.1841031685386693,0.0,0.303961362888001,0.3792512490149083,0.3834424305580066,0.43558370220469467,0.4807125880267266,0.7612267790839468
MOLINA HEALTHCARE | MEDICARE ADVANTAGE,-6.539347785628127,-6.539347785628127,-6.539347785628127,-6.539347785628127,-6.482185732387297,-6.408984401442077,-6.396247239437902,-6.316202300883848,-6.300805429166958,-6.2546259173524685,-6.223111170464438,-5.840858078513232,-5.835968093219041,-5.816165465922861,-5.816165465922861,-5.816165465922861,-5.582707811642776,-5.579886894926687,-5.5680945123379315,-5.447162319646552,-5.430502985110876,-5.388781321646818,-5.388781321646818,-5.388781321646818,-5.388781321646818,-5.326775083354358,-5.326775083354358,-5.326775083354358,-5.326775083354358,-5.326775083354358,-5.306044657102821,-5.267984052303958,-5.267984052303958,-5.267984052303958,-5.267984052303958,-5.2577187007085495,-5.083637846395099,-4.9456061229146115,-4.874556901542817,-4.8064851361529,-4.776975385438299,-3.932121437646285,-3.9273711769957096,-3.9273711769957096,-3.9273711769957096,-3.9273711769957096,-3.8983835936316145,-3.884961350240754,-3.8785807493781395,-3.8785807493781395,-3.848121484858258,-3.848121484858258,-3.848121484858258,-2.9993373245242663,-2.9993373245242663,-2.9993373245242663,-2.989694823136007,-2.9798225406432572,-2.9699890825470465,-2.9699890825470465,-2.9699890825470465,-2.9699890825470465,-2.1906038141338766,-2.161149734116728,-2.151239464094396,-0.8875785481430449,-0.8699245936705872,-0.7739427841410792,-0.7664752109403654,-0.7492736133062742,-0.6360076504997746,-0.4880645314266703,-0.3039613628880011,0.0,0.07528988612690721,0.07948106767000551,0.13162233931669357,0.17675122513872554,0.45726541619594574
MOLINA HEALTHCARE | EXCHANGE,-6.614637671755035,-6.614637671755035,-6.614637671755035,-6.614637671755035,-6.5574756185142045,-6.484274287568985,-6.47153712556481,-6.391492187010756,-6.376095315293865,-6.329915803479375,-6.298401056591345,-5.91614796464014,-5.911257979345947,-5.891455352049768,-5.891455352049768,-5.891455352049768,-5.657997697769684,-5.655176781053594,-5.643384398464839,-5.52245220577346,-5.505792871237784,-5.464071207773726,-5.464071207773726,-5.464071207773726,-5.464071207773726,-5.402064969481265,-5.402064969481265,-5.402064969481265,-5.402064969481265,-5.402064969481265,-5.381334543229729,-5.343273938430865,-5.343273938430865,-5.343273938430865,-5.343273938430865,-5.333008586835457,-5.158927732522007,-5.020896009041519,-4.949846787669724,-4.8817750222798075,-4.852265271565207,-4.0074113237731925,-4.002661063122617,-4.002661063122617,-4.002661063122617,-4.002661063122617,-3.9736734797585216,-3.960251236367661,-3.953870635505046,-3.953870635505046,-3.923411370985165,-3.923411370985165,-3.923411370985165,-3.0746272106511734,-3.0746272106511734,-3.0746272106511734,-3.064984709262914,-3.0551124267701644,-3.0452789686739536,-3.0452789686739536,-3.0452789686739536,-3.0452789686739536,-2.2658937002607837,-2.236439620243635,-2.2265293502213033,-0.9628684342699523,-0.9452144797974944,-0.8492326702679863,-0.8417650970672726,-0.8245634994331814,-0.7112975366266819,-0.5633544175535775,-0.3792512490149082,-0.07528988612690728,0.0,0.004191181543098469,0.05633245318978642,0.10146133901181834,0.38197553006903856
ABSOLUTE TOTAL CARE | MEDICAID MANAGED CARE,-6.618828853298133,-6.618828853298133,-6.618828853298133,-6.618828853298133,-6.561666800057303,-6.488465469112083,-6.475728307107908,-6.395683368553854,-6.3802864968369635,-6.334106985022474,-6.3025922381344435,-5.920339146183238,-5.915449160889046,-5.895646533592866,-5.895646533592866,-5.895646533592866,-5.662188879312782,-5.659367962596693,-5.6475755800079375,-5.526643387316558,-5.509984052780881,-5.468262389316824,-5.468262389316824,-5.468262389316824,-5.468262389316824,-5.406256151024364,-5.406256151024364,-5.406256151024364,-5.406256151024364,-5.406256151024364,-5.385525724772827,-5.347465119973964,-5.347465119973964,-5.347465119973964,-5.347465119973964,-5.3371997683785555,-5.163118914065105,-5.025087190584617,-4.9540379692128225,-4.885966203822906,-4.856456453108305,-4.011602505316291,-4.006852244665715,-4.006852244665715,-4.006852244665715,-4.006852244665715,-3.97786466130162,-3.9644424179107594,-3.958061817048145,-3.958061817048145,-3.927602552528263,-3.927602552528263,-3.927602552528263,-3.078818392194272,-3.078818392194272,-3.078818392194272,-3.0691758908060125,-3.0593036083132628,-3.049470150217052,-3.049470150217052,-3.049470150217052,-3.049470150217052,-2.270084881803882,-2.2406308017867334,-2.2307205317644017,-0.9670596158130507,-0.9494056613405927,-0.8534238518110848,-0.845956278610371,-0.8287546809762797,-0.7154887181697802,-0.567545599096676,-0.3834424305580067,-0.0794810676700056,-0.004191181543098346,0.0,0.0521412716466879,0.09727015746872,0.3777843485259401
BCBS | MEDICAID MANAGED CARE,-6.670970124944821,-6.670970124944821,-6.670970124944821,-6.670970124944821,-6.613808071703991,-6.540606740758771,-6.527869578754596,-6.447824640200542,-6.4324277684836515,-6.386248256669162,-6.3547335097811315,-5.972480417829926,-5.967590432535734,-5.947787805239554,-5.947787805239554,-5.947787805239554,-5.71433015095947,-5.711509234243381,-5.6997168516546255,-5.578784658963246,-5.56212532442757,-5.520403660963512,-5.520403660963512,-5.520403660963512,-5.520403660963512,-5.458397422671052,-5.458397422671052,-5.458397422671052,-5.458397422671052,-5.458397422671052,-5.437666996419515,-5.399606391620652,-5.399606391620652,-5.399606391620652,-5.399606391620652,-5.3893410400252435,-5.215260185711793,-5.0772284622313055,-5.0061792408595105,-4.938107475469594,-4.908597724754993,-4.063743776962979,-4.058993516312403,-4.058993516312403,-4.058993516312403,-4.058993516312403,-4.030005932948308,-4.016583689557447,-4.0102030886948326,-4.0102030886948326,-3.9797438241749514,-3.9797438241749514,-3.9797438241749514,-3.13095966384096,-3.13095966384096,-3.13095966384096,-3.1213171624527005,-3.111444879959951,-3.10161142186374,-3.10161142186374,-3.10161142186374,-3.10161142186374,-2.32222615345057,-2.2927720734334214,-2.2828618034110897,-1.0192008874597387,-1.0015469329872808,-0.9055651234577727,-0.8980975502570591,-0.8808959526229678,-0.7676299898164683,-0.619686870743364,-0.4355837022046946,-0.13162233931669362,-0.056332453189786365,-0.05214127164668801,0.0,0.04512888582203194,0.32564307687925215
MOLINA HEALTHCARE | DUAL-ELIGIBLE MANAGED CARE,-6.716099010766853,-6.716099010766853,-6.716099010766853,-6.716099010766853,-6.658936957526023,-6.585735626580803,-6.572998464576628,-6.492953526022574,-6.477556654305683,-6.431377142491194,-6.399862395603163,-6.017609303651958,-6.012719318357766,-5.992916691061586,-5.992916691061586,-5.992916691061586,-5.759459036781502,-5.756638120065412,-5.744845737476657,-5.623913544785278,-5.607254210249602,-5.565532546785544,-5.565532546785544,-5.565532546785544,-5.565532546785544,-5.503526308493083,-5.503526308493083,-5.503526308493083,-5.503526308493083,-5.503526308493083,-5.482795882241547,-5.444735277442684,-5.444735277442684,-5.444735277442684,-5.444735277442684,-5.434469925847275,-5.260389071533825,-5.122357348053337,-5.051308126681542,-4.983236361291626,-4.953726610577025,-4.108872662785011,-4.104122402134435,-4.104122402134435,-4.104122402134435,-4.104122402134435,-4.07513481877034,-4.061712575379479,-4.055331974516864,-4.055331974516864,-4.024872709996983,-4.024872709996983,-4.024872709996983,-3.1760885496629916,-3.1760885496629916,-3.1760885496629916,-3.1664460482747323,-3.1565737657819826,-3.1467403076857723,-3.1467403076857723,-3.1467403076857723,-3.1467403076857723,-2.367355039272602,-2.337900959255453,-2.3279906892331215,-1.0643297732817705,-1.0466758188093126,-0.9506940092798046,-0.943226436079091,-0.9260248384449996,-0.8127588756385002,-0.6648157565653958,-0.48071258802672656,-0.1767512251387256,-0.10146133901181836,-0.09727015746871988,-0.04512888582203191,0.0,0.2805141910572202
MOLINA HEALTHCARE | MEDICAID MANAGED CARE,-6.996613201824073,-6.996613201824073,-6.996613201824073,-6.996613201824073,-6.939451148583243,-6.866249817638023,-6.853512655633848,-6.773467717079794,-6.758070845362904,-6.711891333548414,-6.680376586660384,-6.298123494709178,-6.2932335094149865,-6.273430882118807,-6.273430882118807,-6.273430882118807,-6.039973227838722,-6.037152311122632,-6.025359928533877,-5.904427735842498,-5.887768401306822,-5.846046737842764,-5.846046737842764,-5.846046737842764,-5.846046737842764,-5.784040499550304,-5.784040499550304,-5.784040499550304,-5.784040499550304,-5.784040499550304,-5.763310073298767,-5.725249468499904,-5.725249468499904,-5.725249468499904,-5.725249468499904,-5.714984116904495,-5.540903262591045,-5.402871539110557,-5.331822317738763,-5.263750552348846,-5.234240801634245,-4.389386853842231,-4.384636593191655,-4.384636593191655,-4.384636593191655,-4.384636593191655,-4.35564900982756,-4.342226766436699,-4.335846165574085,-4.335846165574085,-4.305386901054203,-4.305386901054203,-4.305386901054203,-3.456602740720212,-3.456602740720212,-3.456602740720212,-3.4469602393319527,-3.437087956839203,-3.4272544987429923,-3.4272544987429923,-3.4272544987429923,-3.4272544987429923,-2.6478692303298224,-2.6184151503126736,-2.608504880290342,-1.3448439643389907,-1.3271900098665328,-1.231208200337025,-1.2237406271363112,-1.20653902950222,-1.0932730666957204,-0.9453299476226161,-0.7612267790839468,-0.4572654161959458,-0.3819755300690385,-0.37778434852594006,-0.32564307687925204,-0.2805141910572202,0.0
