,DUKE PLUS | COMMERCIAL,TROY MEDICARE | MEDICARE ADVANTAGE,VA MEDICAID | MEDICAID,AETNA | PPO,MAIL HANDLERS BENEFIT PLAN | GOVERNMENT,AETNA | COMMERCIAL CHOICE,AETNA | HMO,FIRST HEALTH NETWORK | HMO,UNITEDHEALTHCARE | COMMERCIAL CHOICE,GOLDEN RULE INSURANCE | COMMERCIAL,OXFORD HEALTH PLANS | COMMERCIAL,UNITEDHEALTHCARE | POS,UNITEDHEALTHCARE | COMMERCIAL,ALIGNMENT HEALTH | MEDICARE ADVANTAGE,CIGNA | MEDICARE ADVANTAGE,AETNA | POS,UNITEDHEALTHCARE | PPO,CIGNA | POS,CIGNA | HMO,CIGNA | PPO,HUMANA | PPO,CIGNA | COMMERCIAL,HUMANA | COMMERCIAL CHOICE,AETNA | COMMERCIAL,CIGNA | COMMERCIAL CHOICE,UNITEDHEALTHCARE | EXCHANGE,BCBS NC | HMO/PPO,BCBS | PPO,FIRST HEALTH NETWORK | PPO,MULTIPLAN | PPO,PHCS | PPO,QTC MEDICAL GROUP | PPO,CRESCENT | PPO,AETNA | HMO/PPO,MEDCOST | PPO,BCBS | COMMERCIAL,UNITEDHEALTHCARE | HMO/PPO,CIGNA | HMO/PPO,UNITEDHEALTHCARE | HMO,MEDICAID / MANAGED MEDICAID | MEDICAID MANAGED CARE,MEDICAID / MANAGED MEDICAID | COMMERCIAL,ALIGNMENT HEALTH | HMO,TRICARE | HMO,TRICARE | COMMERCIAL,FIRST MEDICARE DIRECT | MEDICARE ADVANTAGE,AETNA | MEDICARE ADVANTAGE,HEALTH TEAM ADVANTAGE | MEDICARE ADVANTAGE,UNITEDHEALTHCARE | MEDICARE ADVANTAGE,OSCAR HEALTH | MEDICARE ADVANTAGE HMO,WELLCARE | MEDICARE ADVANTAGE,HUMANA | HMO,BCBS | MEDICARE ADVANTAGE,HUMANA | MEDICARE ADVANTAGE,BCBS | HMO,CIGNA | EXCHANGE,MEDCOST | COMMERCIAL,TROY MEDICARE | MEDICARE ADVANTAGE HMO,APEXHEALTH MEDICARE ADVANTAGE | MEDICARE ADVANTAGE HMO,LONGEVITY HEALTH PLAN | MEDICARE,ALIGNMENT HEALTH | MEDICARE,HUMANA | MEDICARE ADVANTAGE HMO,UNITEDHEALTHCARE | MEDICARE ADVANTAGE HMO,WELLCARE | MEDICARE ADVANTAGE HMO,BCBS NC | MEDICARE,AETNA | MEDICARE,BCBS | EMPLOYEE PLAN,CLOVER HEALTH | MEDICARE ADVANTAGE,MOLINA HEALTHCARE | MEDICARE ADVANTAGE,OPTUM HEALTH CARE SOLUTIONS | MEDICARE ADVANTAGE,ABSOLUTE TOTAL CARE | EXCHANGE,MOLINA HEALTHCARE | EXCHANGE,BCBS | EXCHANGE,BCBS | MEDICAID MANAGED CARE,MOLINA HEALTHCARE | DUAL-ELIGIBLE MANAGED CARE,MOLINA HEALTHCARE | MEDICAID MANAGED CARE,ABSOLUTE TOTAL CARE | MEDICAID MANAGED CARE,UNITEDHEALTHCARE | MEDICAID,SUNSHINE STATE HEALTH PLAN | MEDICAID,AETNA | MEDICAID MANAGED CARE
DUKE PLUS | COMMERCIAL,0.0,0.0,0.0016186150773962655,0.3856629036631311,0.4854120466954713,0.4854120466954713,0.4854120466954713,0.48541207632333794,0.5126950443398809,0.512695044339881,0.512695044339881,0.512695044339881,0.5205760971072207,0.6067261000588404,0.6442004641106601,0.7163601463278396,0.7245946660558953,0.7591671853020291,0.7591671853020291,0.7591671853020291,0.7870794962965629,0.8046549029931551,0.9510208355238661,0.9534956234454257,0.9740948719441177,1.2002805965932863,1.2344692503880572,1.2790915775618974,1.281644552622747,1.281644552622747,1.281644552622747,1.3562596718964175,1.4119497209081229,1.424717563266235,1.4305754389421304,1.5008481314834958,1.5201376446572614,1.5978820534582419,1.7072621144996358,1.711630808963582,1.7223863205352163,1.8958330042570022,1.9185157962945802,1.9185157962945802,1.9307942243898097,1.9487247051556116,1.959846058385708,1.9678548304994077,1.9755464442278936,1.985844226421619,1.991190639302183,2.042233063725678,2.4503115595342497,2.589629498382377,2.6252408860066727,2.628928408881213,2.861511591610483,2.861511591610483,2.861511591610483,2.871075259899997,2.8806869313612604,2.891081671624583,2.891081671624583,2.891081671624583,2.891081671624583,2.9514491645068257,2.987439371629844,2.9940813434925073,3.053023659844613,3.255941890710838,3.331376530297709,3.334040625252231,3.356395759776698,3.40718603726255,3.4844110440887683,3.5782648103942285,5.145170941515063,5.173109862914468,5.508514287063642
TROY MEDICARE | MEDICARE ADVANTAGE,0.0,0.0,0.0016186150773962655,0.3856629036631311,0.4854120466954713,0.4854120466954713,0.4854120466954713,0.48541207632333794,0.5126950443398809,0.512695044339881,0.512695044339881,0.512695044339881,0.5205760971072207,0.6067261000588404,0.6442004641106601,0.7163601463278396,0.7245946660558953,0.7591671853020291,0.7591671853020291,0.7591671853020291,0.7870794962965629,0.8046549029931551,0.9510208355238661,0.9534956234454257,0.9740948719441177,1.2002805965932863,1.2344692503880572,1.2790915775618974,1.281644552622747,1.281644552622747,1.281644552622747,1.3562596718964175,1.4119497209081229,1.424717563266235,1.4305754389421304,1.5008481314834958,1.5201376446572614,1.5978820534582419,1.7072621144996358,1.711630808963582,1.7223863205352163,1.8958330042570022,1.9185157962945802,1.9185157962945802,1.9307942243898097,1.9487247051556116,1.959846058385708,1.9678548304994077,1.9755464442278936,1.985844226421619,1.991190639302183,2.042233063725678,2.4503115595342497,2.589629498382377,2.6252408860066727,2.628928408881213,2.861511591610483,2.861511591610483,2.861511591610483,2.871075259899997,2.8806869313612604,2.891081671624583,2.891081671624583,2.891081671624583,2.891081671624583,2.9514491645068257,2.987439371629844,2.9940813434925073,3.053023659844613,3.255941890710838,3.331376530297709,3.334040625252231,3.356395759776698,3.40718603726255,3.4844110440887683,3.5782648103942285,5.145170941515063,5.173109862914468,5.508514287063642
VA MEDICAID | MEDICAID,-0.0016186150773962516,-0.0016186150773962516,0.0,0.38404428858573486,0.4837934316180749,0.4837934316180749,0.4837934316180749,0.48379346124594175,0.5110764292624846,0.5110764292624848,0.5110764292624848,0.5110764292624848,0.5189574820298245,0.6051074849814442,0.6425818490332639,0.7147415312504435,0.7229760509784992,0.7575485702246326,0.7575485702246326,0.7575485702246326,0.7854608812191666,0.803036287915759,0.9494022204464698,0.9518770083680295,0.9724762568667215,1.19866198151589,1.2328506353106612,1.2774729624845014,1.2800259375453509,1.2800259375453509,1.2800259375453509,1.354641056819021,1.4103311058307266,1.4230989481888388,1.428956823864734,1.4992295164060996,1.5185190295798652,1.5962634383808454,1.7056434994222398,1.7100121938861859,1.7207677054578199,1.894214389179606,1.916897181217184,1.916897181217184,1.9291756093124135,1.9471060900782153,1.9582274433083118,1.9662362154220114,1.9739278291504974,1.984225611344223,1.9895720242247865,2.040614448648282,2.4486929444568535,2.588010883304981,2.6236222709292765,2.627309793803817,2.859892976533087,2.859892976533087,2.859892976533087,2.8694566448226007,2.879068316283864,2.8894630565471866,2.8894630565471866,2.8894630565471866,2.8894630565471866,2.9498305494294295,2.9858207565524477,2.992462728415111,3.051405044767217,3.2543232756334417,3.3297579152203127,3.332422010174835,3.3547771446993018,3.405567422185154,3.482792429011372,3.5766461953168323,5.143552326437667,5.171491247837071,5.506895671986245
AETNA | PPO,-0.3856629036631311,-0.3856629036631311,-0.3840442885857349,0.0,0.09974914303234007,0.09974914303234007,0.09974914303234007,0.09974917266020683,0.12703214067674976,0.12703214067674995,0.12703214067674995,0.12703214067674995,0.13491319344408975,0.22106319639570945,0.2585375604475291,0.3306972426647086,0.3389317623927643,0.3735042816388979,0.3735042816388979,0.3735042816388979,0.4014165926334317,0.4189919993300241,0.5653579318607349,0.5678327197822947,0.5884319682809867,0.8146176929301554,0.8488063467249262,0.8934286738987665,0.895981648959616,0.895981648959616,0.895981648959616,0.9705967682332863,1.0262868172449917,1.039054659603104,1.0449125352789992,1.1151852278203647,1.1344747409941303,1.2122191497951107,1.321599210836505,1.3259679053004512,1.3367234168720852,1.5101701005938712,1.532852892631449,1.532852892631449,1.5451313207266786,1.5630618014924804,1.5741831547225769,1.5821919268362765,1.5898835405647627,1.600181322758488,1.6055277356390518,1.6565701600625469,2.0646486558711183,2.203966594719246,2.2395779823435418,2.243265505218082,2.475848687947352,2.475848687947352,2.475848687947352,2.485412356236866,2.4950240276981295,2.5054187679614515,2.5054187679614515,2.5054187679614515,2.5054187679614515,2.5657862608436948,2.601776467966713,2.6084184398293764,2.6673607561814823,2.870278987047707,2.945713626634578,2.9483777215891003,2.9707328561135666,3.0215231335994193,3.0987481404256374,3.192601906731097,4.759508037851932,4.787446959251337,5.122851383400511
MAIL HANDLERS BENEFIT PLAN | GOVERNMENT,-0.4854120466954713,-0.4854120466954713,-0.48379343161807503,-0.09974914303234009,0.0,0.0,0.0,2.962786683177098e-08,0.027282997644409574,0.027282997644409793,0.027282997644409793,0.027282997644409793,0.035164050411749595,0.12131405336336921,0.15878841741518898,0.23094809963236856,0.2391826193604241,0.2737551386065577,0.2737551386065577,0.2737551386065577,0.30166744960109165,0.3192428562976839,0.46560878882839485,0.46808357674995454,0.4886828252486466,0.7148685498978151,0.7490572036925861,0.7936795308664263,0.7962325059272758,0.7962325059272758,0.7962325059272758,0.8708476252009462,0.9265376742126518,0.9393055165707638,0.945163392246659,1.0154360847880246,1.0347255979617902,1.1124700067627706,1.2218500678041648,1.2262187622681109,1.2369742738397451,1.410420957561531,1.433103749599109,1.433103749599109,1.4453821776943383,1.4633126584601404,1.4744340116902366,1.4824427838039365,1.4901343975324224,1.5004321797261477,1.5057785926067118,1.5568210170302068,1.9648995128387785,2.104217451686906,2.1398288393112015,2.143516362185742,2.376099544915012,2.376099544915012,2.376099544915012,2.3856632132045257,2.395274884665789,2.405669624929111,2.405669624929111,2.405669624929111,2.405669624929111,2.4660371178113545,2.5020273249343727,2.508669296797036,2.567611613149142,2.7705298440153667,2.8459644836022377,2.84862857855676,2.870983713081227,2.9217739905670794,2.998998997393297,3.0928527636987573,4.659758894819592,4.687697816218996,5.02310224036817
AETNA | COMMERCIAL CHOICE,-0.4854120466954713,-0.4854120466954713,-0.48379343161807503,-0.09974914303234009,0.0,0.0,0.0,2.962786683177098e-08,0.027282997644409574,0.027282997644409793,0.027282997644409793,0.027282997644409793,0.035164050411749595,0.12131405336336921,0.15878841741518898,0.23094809963236856,0.2391826193604241,0.2737551386065577,0.2737551386065577,0.2737551386065577,0.30166744960109165,0.3192428562976839,0.46560878882839485,0.46808357674995454,0.4886828252486466,0.7148685498978151,0.7490572036925861,0.7936795308664263,0.7962325059272758,0.7962325059272758,0.7962325059272758,0.8708476252009462,0.9265376742126518,0.9393055165707638,0.945163392246659,1.0154360847880246,1.0347255979617902,1.1124700067627706,1.2218500678041648,1.2262187622681109,1.2369742738397451,1.410420957561531,1.433103749599109,1.433103749599109,1.4453821776943383,1.4633126584601404,1.4744340116902366,1.4824427838039365,1.4901343975324224,1.5004321797261477,1.5057785926067118,1.5568210170302068,1.9648995128387785,2.104217451686906,2.1398288393112015,2.143516362185742,2.376099544915012,2.376099544915012,2.376099544915012,2.3856632132045257,2.395274884665789,2.405669624929111,2.405669624929111,2.405669624929111,2.405669624929111,2.4660371178113545,2.5020273249343727,2.508669296797036,2.567611613149142,2.7705298440153667,2.8459644836022377,2.84862857855676,2.870983713081227,2.9217739905670794,2.998998997393297,3.0928527636987573,4.659758894819592,4.687697816218996,5.02310224036817
AETNA | HMO,-0.4854120466954713,-0.4854120466954713,-0.48379343161807503,-0.09974914303234009,0.0,0.0,0.0,2.962786683177098e-08,0.027282997644409574,0.027282997644409793,0.027282997644409793,0.027282997644409793,0.035164050411749595,0.12131405336336921,0.15878841741518898,0.23094809963236856,0.2391826193604241,0.2737551386065577,0.2737551386065577,0.2737551386065577,0.30166744960109165,0.3192428562976839,0.46560878882839485,0.46808357674995454,0.4886828252486466,0.7148685498978151,0.7490572036925861,0.7936795308664263,0.7962325059272758,0.7962325059272758,0.7962325059272758,0.8708476252009462,0.9265376742126518,0.9393055165707638,0.945163392246659,1.0154360847880246,1.0347255979617902,1.1124700067627706,1.2218500678041648,1.2262187622681109,1.2369742738397451,1.410420957561531,1.433103749599109,1.433103749599109,1.4453821776943383,1.4633126584601404,1.4744340116902366,1.4824427838039365,1.4901343975324224,1.5004321797261477,1.5057785926067118,1.5568210170302068,1.9648995128387785,2.104217451686906,2.1398288393112015,2.143516362185742,2.376099544915012,2.376099544915012,2.376099544915012,2.3856632132045257,2.395274884665789,2.405669624929111,2.405669624929111,2.405669624929111,2.405669624929111,2.4660371178113545,2.5020273249343727,2.508669296797036,2.567611613149142,2.7705298440153667,2.8459644836022377,2.84862857855676,2.870983713081227,2.9217739905670794,2.998998997393297,3.0928527636987573,4.659758894819592,4.687697816218996,5.02310224036817
FIRST HEALTH NETWORK | HMO,-0.485412076323338,-0.485412076323338,-0.4837934612459417,-0.099749172660207,-2.9627866821403056e-08,-2.9627866821403056e-08,-2.9627866821403056e-08,0.0,0.02728296801654294,0.02728296801654294,0.02728296801654294,0.02728296801654294,0.03516402078388274,0.12131402373550253,0.15878838778732204,0.23094807000450174,0.2391825897325574,0.273755108978691,0.273755108978691,0.273755108978691,0.30166741997322477,0.3192428266698171,0.4656087592005281,0.46808354712208766,0.48868279562077976,0.7148685202699484,0.7490571740647193,0.7936795012385596,0.796232476299409,0.796232476299409,0.796232476299409,0.8708475955730793,0.9265376445847848,0.939305486942897,0.9451633626187923,1.0154360551601578,1.0347255683339234,1.1124699771349038,1.221850038176298,1.226218732640244,1.236974244211878,1.4104209279336644,1.4331037199712424,1.4331037199712424,1.4453821480664715,1.4633126288322735,1.47443398206237,1.4824427541760696,1.4901343679045556,1.5004321500982811,1.5057785629788447,1.55682098740234,1.9648994832109117,2.104217422059039,2.1398288096833347,2.143516332557875,2.3760995152871454,2.3760995152871454,2.3760995152871454,2.385663183576659,2.3952748550379224,2.4056695953012444,2.4056695953012444,2.4056695953012444,2.4056695953012444,2.4660370881834877,2.502027295306506,2.5086692671691693,2.567611583521275,2.7705298143875003,2.8459644539743714,2.848628548928893,2.87098368345336,2.9217739609392126,2.9989989677654303,3.0928527340708905,4.6597588651917246,4.68769778659113,5.023102210740304
UNITEDHEALTHCARE | COMMERCIAL CHOICE,-0.5126950443398808,-0.5126950443398808,-0.5110764292624846,-0.12703214067674976,-0.02728299764440962,-0.02728299764440962,-0.02728299764440962,-0.027282968016542886,0.0,2.2204460492503128e-16,2.2204460492503128e-16,2.2204460492503128e-16,0.007881052767339806,0.09403105571895955,0.13150541977077934,0.20366510198795887,0.2118996217160145,0.24647214096214815,0.24647214096214815,0.24647214096214815,0.27438445195668193,0.29195985865327434,0.4383257911839852,0.4408005791055449,0.4613998276042369,0.6875855522534055,0.7217742060481764,0.7663965332220167,0.768949508282866,0.768949508282866,0.768949508282866,0.8435646275565365,0.8992546765682421,0.912022518926354,0.9178803946022496,0.9881530871436147,1.0074426003173804,1.0851870091183609,1.194567070159755,1.198935764623701,1.2096912761953353,1.3831379599171214,1.4058207519546995,1.4058207519546995,1.4180991800499287,1.4360296608157306,1.447151014045827,1.455159786159527,1.4628513998880126,1.473149182081738,1.478495594962302,1.529538019385797,1.9376165151943687,2.076934454042496,2.112545841666792,2.116233364541332,2.3488165472706024,2.3488165472706024,2.3488165472706024,2.358380215560116,2.3679918870213794,2.378386627284702,2.378386627284702,2.378386627284702,2.378386627284702,2.4387541201669447,2.474744327289963,2.4813862991526268,2.540328615504732,2.7432468463709574,2.818681485957828,2.82134558091235,2.843700715436817,2.8944909929226696,2.9717159997488873,3.0655697660543475,4.632475897175182,4.660414818574587,4.995819242723761
GOLDEN RULE INSURANCE | COMMERCIAL,-0.512695044339881,-0.512695044339881,-0.5110764292624849,-0.12703214067675,-0.027282997644409845,-0.027282997644409845,-0.027282997644409845,-0.027282968016543,-1.1102230246251565e-16,0.0,0.0,0.0,0.007881052767339806,0.09403105571895934,0.13150541977077912,0.20366510198795867,0.2118996217160143,0.24647214096214798,0.24647214096214798,0.24647214096214798,0.27438445195668176,0.2919598586532742,0.438325791183985,0.44080057910554477,0.46139982760423665,0.6875855522534053,0.7217742060481762,0.7663965332220165,0.768949508282866,0.768949508282866,0.768949508282866,0.8435646275565363,0.8992546765682419,0.9120225189263539,0.9178803946022493,0.9881530871436146,1.0074426003173804,1.0851870091183609,1.1945670701597548,1.198935764623701,1.2096912761953351,1.3831379599171212,1.4058207519546992,1.4058207519546992,1.4180991800499287,1.4360296608157306,1.4471510140458268,1.4551597861595267,1.4628513998880126,1.473149182081738,1.4784955949623018,1.5295380193857968,1.9376165151943685,2.076934454042496,2.1125458416667917,2.116233364541332,2.348816547270602,2.348816547270602,2.348816547270602,2.358380215560116,2.3679918870213794,2.3783866272847014,2.3783866272847014,2.3783866272847014,2.3783866272847014,2.4387541201669447,2.474744327289963,2.4813862991526263,2.540328615504732,2.743246846370957,2.818681485957828,2.82134558091235,2.843700715436817,2.8944909929226696,2.9717159997488873,3.0655697660543475,4.632475897175182,4.660414818574587,4.995819242723761
OXFORD HEALTH PLANS | COMMERCIAL,-0.512695044339881,-0.512695044339881,-0.5110764292624849,-0.12703214067675,-0.027282997644409845,-0.027282997644409845,-0.027282997644409845,-0.027282968016543,-1.1102230246251565e-16,0.0,0.0,0.0,0.007881052767339806,0.09403105571895934,0.13150541977077912,0.20366510198795867,0.2118996217160143,0.24647214096214798,0.24647214096214798,0.24647214096214798,0.27438445195668176,0.2919598586532742,0.438325791183985,0.44080057910554477,0.46139982760423665,0.6875855522534053,0.7217742060481762,0.7663965332220165,0.768949508282866,0.768949508282866,0.768949508282866,0.8435646275565363,0.8992546765682419,0.9120225189263539,0.9178803946022493,0.9881530871436146,1.0074426003173804,1.0851870091183609,1.1945670701597548,1.198935764623701,1.2096912761953351,1.3831379599171212,1.4058207519546992,1.4058207519546992,1.4180991800499287,1.4360296608157306,1.4471510140458268,1.4551597861595267,1.4628513998880126,1.473149182081738,1.4784955949623018,1.5295380193857968,1.9376165151943685,2.076934454042496,2.1125458416667917,2.116233364541332,2.348816547270602,2.348816547270602,2.348816547270602,2.358380215560116,2.3679918870213794,2.3783866272847014,2.3783866272847014,2.3783866272847014,2.3783866272847014,2.4387541201669447,2.474744327289963,2.4813862991526263,2.540328615504732,2.743246846370957,2.818681485957828,2.82134558091235,2.843700715436817,2.8944909929226696,2.9717159997488873,3.0655697660543475,4.632475897175182,4.660414818574587,4.995819242723761
UNITEDHEALTHCARE | POS,-0.512695044339881,-0.512695044339881,-0.5110764292624849,-0.12703214067675,-0.027282997644409845,-0.027282997644409845,-0.027282997644409845,-0.027282968016543,-1.1102230246251565e-16,0.0,0.0,0.0,0.007881052767339806,0.09403105571895934,0.13150541977077912,0.20366510198795867,0.2118996217160143,0.24647214096214798,0.24647214096214798,0.24647214096214798,0.27438445195668176,0.2919598586532742,0.438325791183985,0.44080057910554477,0.46139982760423665,0.6875855522534053,0.7217742060481762,0.7663965332220165,0.768949508282866,0.768949508282866,0.768949508282866,0.8435646275565363,0.8992546765682419,0.9120225189263539,0.9178803946022493,0.9881530871436146,1.0074426003173804,1.0851870091183609,1.1945670701597548,1.198935764623701,1.2096912761953351,1.3831379599171212,1.4058207519546992,1.4058207519546992,1.4180991800499287,1.4360296608157306,1.4471510140458268,1.4551597861595267,1.4628513998880126,1.473149182081738,1.4784955949623018,1.5295380193857968,1.9376165151943685,2.076934454042496,2.1125458416667917,2.116233364541332,2.348816547270602,2.348816547270602,2.348816547270602,2.358380215560116,2.3679918870213794,2.3783866272847014,2.3783866272847014,2.3783866272847014,2.3783866272847014,2.4387541201669447,2.474744327289963,2.4813862991526263,2.540328615504732,2.743246846370957,2.818681485957828,2.82134558091235,2.843700715436817,2.8944909929226696,2.9717159997488873,3.0655697660543475,4.632475897175182,4.660414818574587,4.995819242723761
UNITEDHEALTHCARE | COMMERCIAL,-0.5205760971072206,-0.5205760971072206,-0.5189574820298244,-0.13491319344408964,-0.03516405041174955,-0.03516405041174955,-0.03516405041174955,-0.035164020783882755,-0.007881052767339823,-0.00788105276733971,-0.00788105276733971,-0.00788105276733971,0.0,0.08615000295161966,0.12362436700343934,0.19578404922061893,0.2040185689486746,0.2385910881948082,0.2385910881948082,0.2385910881948082,0.2665033991893422,0.28407880588593437,0.4304447384166454,0.4329195263382049,0.45351877483689695,0.6797044994860657,0.7138931532808365,0.7585154804546768,0.7610684555155263,0.7610684555155263,0.7610684555155263,0.8356835747891967,0.8913736238009021,0.9041414661590143,0.9099993418349096,0.9802720343762749,0.9995615475500407,1.0773059563510212,1.1866860173924152,1.1910547118563615,1.2018102234279955,1.3752569071497815,1.3979396991873596,1.3979396991873596,1.4102181272825889,1.4281486080483907,1.4392699612784872,1.4472787333921868,1.454970347120673,1.4652681293143983,1.4706145421949621,1.5216569666184572,1.9297354624270289,2.0690534012751565,2.104664788899452,2.1083523117739924,2.3409354945032623,2.3409354945032623,2.3409354945032623,2.3504991627927763,2.36011083425404,2.3705055745173618,2.3705055745173618,2.3705055745173618,2.3705055745173618,2.430873067399605,2.4668632745226233,2.4735052463852867,2.5324475627373926,2.7353657936036173,2.8108004331904883,2.8134645281450106,2.835819662669477,2.8866099401553296,2.9638349469815473,3.0576887132870074,4.6245948444078415,4.652533765807247,4.987938189956421
ALIGNMENT HEALTH | MEDICARE ADVANTAGE,-0.6067261000588405,-0.6067261000588405,-0.6051074849814442,-0.22106319639570943,-0.1213140533633693,-0.1213140533633693,-0.1213140533633693,-0.1213140237355025,-0.09403105571895955,-0.09403105571895942,-0.09403105571895942,-0.09403105571895942,-0.08615000295161976,0.0,0.037474364051819586,0.10963404626899922,0.11786856599705492,0.15244108524318856,0.15244108524318856,0.15244108524318856,0.18035339623772237,0.19792880293431475,0.3442947354650256,0.34676952338658523,0.36736877188527733,0.5935544965344459,0.6277431503292168,0.6723654775030571,0.6749184525639066,0.6749184525639066,0.6749184525639066,0.7495335718375769,0.8052236208492823,0.8179914632073945,0.8238493388832899,0.8941220314246553,0.913411544598421,0.9911559533994013,1.1005360144407954,1.1049047089047417,1.1156602204763757,1.2891069041981618,1.3117896962357398,1.3117896962357398,1.3240681243309693,1.3419986050967712,1.3531199583268674,1.3611287304405673,1.3688203441690532,1.3791181263627785,1.3844645392433423,1.4355069636668374,1.843585459475409,1.9829033983235367,2.0185147859478323,2.0222023088223726,2.2547854915516425,2.2547854915516425,2.2547854915516425,2.2643491598411565,2.27396083130242,2.284355571565742,2.284355571565742,2.284355571565742,2.284355571565742,2.3447230644479853,2.3807132715710035,2.387355243433667,2.446297559785773,2.6492157906519975,2.7246504302388685,2.727314525193391,2.749669659717857,2.80045993720371,2.877684944029928,2.971538710335388,4.538444841456222,4.566383762855628,4.901788187004802
CIGNA | MEDICARE ADVANTAGE,-0.6442004641106601,-0.6442004641106601,-0.6425818490332638,-0.258537560447529,-0.15878841741518887,-0.15878841741518887,-0.15878841741518887,-0.1587883877873221,-0.1315054197707793,-0.13150541977077904,-0.13150541977077904,-0.13150541977077904,-0.1236243670034394,-0.03747436405181962,0.0,0.07215968221717967,0.08039420194523526,0.11496672119136893,0.11496672119136893,0.11496672119136893,0.1428790321859028,0.16045443888249497,0.3068203714132059,0.3092951593347656,0.3298944078334576,0.5560801324826262,0.5902687862773972,0.6348911134512374,0.6374440885120869,0.6374440885120869,0.6374440885120869,0.7120592077857572,0.7677492567974628,0.7805170991555748,0.7863749748314702,0.8566476673728355,0.8759371805466012,0.9536815893475817,1.0630616503889758,1.067430344852922,1.078185856424556,1.2516325401463422,1.2743153321839202,1.2743153321839202,1.2865937602791495,1.3045242410449516,1.3156455942750478,1.3236543663887474,1.3313459801172334,1.341643762310959,1.3469901751915228,1.3980325996150178,1.8061110954235895,1.9454290342717169,1.9810404218960127,1.9847279447705528,2.217311127499823,2.217311127499823,2.217311127499823,2.2268747957893367,2.2364864672506,2.2468812075139226,2.2468812075139226,2.2468812075139226,2.2468812075139226,2.3072487003961655,2.3432389075191837,2.349880879381847,2.408823195733953,2.6117414266001777,2.687176066187049,2.689840161141571,2.712195295666038,2.7629855731518904,2.840210579978108,2.9340643462835683,4.500970477404403,4.528909398803808,4.864313822952981
AETNA | POS,-0.7163601463278397,-0.7163601463278397,-0.7147415312504435,-0.3306972426647087,-0.23094809963236854,-0.23094809963236854,-0.23094809963236854,-0.23094807000450174,-0.20366510198795884,-0.2036651019879587,-0.2036651019879587,-0.2036651019879587,-0.19578404922061904,-0.10963404626899925,-0.07215968221717961,0.0,0.00823451972805564,0.042807038974189235,0.042807038974189235,0.042807038974189235,0.07071934996872309,0.0882947566653155,0.23466068919602634,0.237135477117586,0.257734725616278,0.4839204502654466,0.5181091040602176,0.5627314312340579,0.5652844062949073,0.5652844062949073,0.5652844062949073,0.6398995255685777,0.6955895745802833,0.7083574169383952,0.7142152926142905,0.784487985155656,0.8037774983294217,0.881521907130402,0.9909019681717962,0.9952706626357424,1.0060261742073764,1.1794728579291625,1.2021556499667405,1.2021556499667405,1.21443407806197,1.2323645588277718,1.2434859120578683,1.251494684171568,1.2591862979000539,1.2694840800937794,1.2748304929743433,1.325872917397838,1.73395141320641,1.8732693520545374,1.908880739678833,1.9125682625533733,2.1451514452826435,2.1451514452826435,2.1451514452826435,2.1547151135721574,2.164326785033421,2.174721525296743,2.174721525296743,2.174721525296743,2.174721525296743,2.235089018178986,2.2710792253020045,2.277721197164668,2.3366635135167733,2.5395817443829984,2.6150163839698695,2.6176804789243913,2.640035613448858,2.6908258909347107,2.7680508977609284,2.8619046640663885,4.428810795187223,4.4567497165866286,4.792154140735803
UNITEDHEALTHCARE | PPO,-0.7245946660558954,-0.7245946660558954,-0.7229760509784992,-0.33893176239276435,-0.23918261936042406,-0.23918261936042406,-0.23918261936042406,-0.23918258973255727,-0.21189962171601448,-0.21189962171601434,-0.21189962171601434,-0.21189962171601434,-0.20401856894867457,-0.11786856599705492,-0.0803942019452352,-0.00823451972805563,0.0,0.034572519246133665,0.034572519246133665,0.034572519246133665,0.06248483024066743,0.08006023693725989,0.22642616946797073,0.2289009573895303,0.24950020588822241,0.4756859305373911,0.509874584332162,0.5544969115060021,0.5570498865668517,0.5570498865668517,0.5570498865668517,0.6316650058405221,0.6873550548522275,0.7001228972103395,0.705980772886235,0.7762534654276004,0.7955429786013661,0.8732873874023465,0.9826674484437405,0.9870361429076867,0.9977916544793209,1.171238338201107,1.193921130238685,1.193921130238685,1.2061995583339142,1.2241300390997163,1.2352513923298125,1.2432601644435124,1.2509517781719983,1.2612495603657237,1.2665959732462875,1.3176383976697825,1.7257168934783542,1.8650348323264816,1.9006462199507774,1.9043337428253178,2.136916925554588,2.136916925554588,2.136916925554588,2.1464805938441014,2.1560922653053654,2.1664870055686873,2.1664870055686873,2.1664870055686873,2.1664870055686873,2.22685449845093,2.2628447055739485,2.2694866774366123,2.3284289937887177,2.531347224654943,2.606781864241814,2.6094459591963357,2.6318010937208025,2.682591371206655,2.759816378032873,2.853670144338333,4.420576275459167,4.4485151968585726,4.783919621007747
CIGNA | POS,-0.759167185302029,-0.759167185302029,-0.7575485702246328,-0.37350428163889793,-0.2737551386065578,-0.2737551386065578,-0.2737551386065578,-0.27375510897869093,-0.24647214096214817,-0.24647214096214787,-0.24647214096214787,-0.24647214096214787,-0.2385910881948083,-0.15244108524318853,-0.1149667211913689,-0.042807038974189214,-0.03457251924613369,0.0,0.0,0.0,0.027912310994533913,0.04548771769112612,0.19185365022183698,0.1943284381433967,0.21492768664208875,0.4411134112912573,0.4753020650860283,0.5199243922598685,0.522477367320718,0.522477367320718,0.522477367320718,0.5970924865943884,0.6527825356060939,0.665550377964206,0.6714082536401014,0.7416809461814666,0.7609704593552324,0.8387148681562129,0.948094929197607,0.9524636236615531,0.9632191352331873,1.1366658189549732,1.1593486109925513,1.1593486109925513,1.1716270390877808,1.1895575198535826,1.200678873083679,1.2086876451973787,1.2163792589258646,1.22667704111959,1.232023454000154,1.2830658784236488,1.6911443742322205,1.8304623130803481,1.8660737007046437,1.869761223579184,2.102344406308454,2.102344406308454,2.102344406308454,2.111908074597968,2.1215197460592314,2.131914486322554,2.131914486322554,2.131914486322554,2.131914486322554,2.1922819792047967,2.228272186327815,2.2349141581904783,2.2938564745425842,2.496774705408809,2.57220934499568,2.5748734399502022,2.597228574474669,2.6480188519605212,2.7252438587867394,2.8190976250921995,4.386003756213033,4.413942677612439,4.749347101761613
CIGNA | HMO,-0.759167185302029,-0.759167185302029,-0.7575485702246328,-0.37350428163889793,-0.2737551386065578,-0.2737551386065578,-0.2737551386065578,-0.27375510897869093,-0.24647214096214817,-0.24647214096214787,-0.24647214096214787,-0.24647214096214787,-0.2385910881948083,-0.15244108524318853,-0.1149667211913689,-0.042807038974189214,-0.03457251924613369,0.0,0.0,0.0,0.027912310994533913,0.04548771769112612,0.19185365022183698,0.1943284381433967,0.21492768664208875,0.4411134112912573,0.4753020650860283,0.5199243922598685,0.522477367320718,0.522477367320718,0.522477367320718,0.5970924865943884,0.6527825356060939,0.665550377964206,0.6714082536401014,0.7416809461814666,0.7609704593552324,0.8387148681562129,0.948094929197607,0.9524636236615531,0.9632191352331873,1.1366658189549732,1.1593486109925513,1.1593486109925513,1.1716270390877808,1.1895575198535826,1.200678873083679,1.2086876451973787,1.2163792589258646,1.22667704111959,1.232023454000154,1.2830658784236488,1.6911443742322205,1.8304623130803481,1.8660737007046437,1.869761223579184,2.102344406308454,2.102344406308454,2.102344406308454,2.111908074597968,2.1215197460592314,2.131914486322554,2.131914486322554,2.131914486322554,2.131914486322554,2.1922819792047967,2.228272186327815,2.2349141581904783,2.2938564745425842,2.496774705408809,2.57220934499568,2.5748734399502022,2.597228574474669,2.6480188519605212,2.7252438587867394,2.8190976250921995,4.386003756213033,4.413942677612439,4.749347101761613
CIGNA | PPO,-0.759167185302029,-0.759167185302029,-0.7575485702246328,-0.37350428163889793,-0.2737551386065578,-0.2737551386065578,-0.2737551386065578,-0.27375510897869093,-0.24647214096214817,-0.24647214096214787,-0.24647214096214787,-0.24647214096214787,-0.2385910881948083,-0.15244108524318853,-0.1149667211913689,-0.042807038974189214,-0.03457251924613369,0.0,0.0,0.0,0.027912310994533913,0.04548771769112612,0.19185365022183698,0.1943284381433967,0.21492768664208875,0.4411134112912573,0.4753020650860283,0.5199243922598685,0.522477367320718,0.522477367320718,0.522477367320718,0.5970924865943884,0.6527825356060939,0.665550377964206,0.6714082536401014,0.7416809461814666,0.7609704593552324,0.8387148681562129,0.948094929197607,0.9524636236615531,0.9632191352331873,1.1366658189549732,1.1593486109925513,1.1593486109925513,1.1716270390877808,1.1895575198535826,1.200678873083679,1.2086876451973787,1.2163792589258646,1.22667704111959,1.232023454000154,1.2830658784236488,1.6911443742322205,1.8304623130803481,1.8660737007046437,1.869761223579184,2.102344406308454,2.102344406308454,2.102344406308454,2.111908074597968,2.1215197460592314,2.131914486322554,2.131914486322554,2.131914486322554,2.131914486322554,2.1922819792047967,2.228272186327815,2.2349141581904783,2.2938564745425842,2.496774705408809,2.57220934499568,2.5748734399502022,2.597228574474669,2.6480188519605212,2.7252438587867394,2.8190976250921995,4.386003756213033,4.413942677612439,4.749347101761613
HUMANA | PPO,-0.7870794962965628,-0.7870794962965628,-0.7854608812191666,-0.40141659263343177,-0.3016674496010916,-0.3016674496010916,-0.3016674496010916,-0.30166741997322477,-0.27438445195668204,-0.27438445195668176,-0.27438445195668176,-0.27438445195668176,-0.26650339918934207,-0.1803533962377224,-0.14287903218590275,-0.07071934996872312,-0.06248483024066747,-0.027912310994533885,-0.027912310994533885,-0.027912310994533885,0.0,0.01757540669659232,0.16394133922730314,0.1664161271488628,0.18701537564755494,0.41320110029672347,0.44738975409149445,0.49201208126533474,0.4945650563261842,0.4945650563261842,0.4945650563261842,0.5691801755998546,0.62487022461156,0.6376380669696722,0.6434959426455675,0.7137686351869329,0.7330581483606986,0.8108025571616789,0.920182618203073,0.9245513126670193,0.9353068242386534,1.1087535079604394,1.1314362999980174,1.1314362999980174,1.1437147280932467,1.1616452088590488,1.172766562089145,1.1807753342028449,1.1884669479313308,1.1987647301250561,1.20411114300562,1.255153567429115,1.6632320632376867,1.8025500020858143,1.8381613897101101,1.8418489125846502,2.07443209531392,2.07443209531392,2.07443209531392,2.083995763603434,2.0936074350646976,2.1040021753280196,2.1040021753280196,2.1040021753280196,2.1040021753280196,2.164369668210263,2.200359875333281,2.2070018471959445,2.2659441635480504,2.468862394414275,2.544297034001146,2.5469611289556684,2.5693162634801348,2.620106540965988,2.6973315477922055,2.7911853140976657,4.358091445218499,4.386030366617905,4.721434790767079
CIGNA | COMMERCIAL,-0.8046549029931551,-0.8046549029931551,-0.803036287915759,-0.41899199933002407,-0.3192428562976839,-0.3192428562976839,-0.3192428562976839,-0.3192428266698171,-0.2919598586532743,-0.2919598586532741,-0.2919598586532741,-0.2919598586532741,-0.2840788058859345,-0.19792880293431467,-0.160454438882495,-0.08829475666531544,-0.08006023693725976,-0.045487717691126237,-0.045487717691126237,-0.045487717691126237,-0.017575406696592313,0.0,0.14636593253071092,0.1488407204522705,0.16943996895096264,0.3956256936001313,0.4298143473949021,0.47443667456874233,0.47698964962959184,0.47698964962959184,0.47698964962959184,0.5516047689032623,0.6072948179149678,0.6200626602730798,0.6259205359489751,0.6961932284903405,0.7154827416641063,0.7932271504650865,0.9026072115064807,0.9069759059704269,0.9177314175420612,1.091178101263847,1.1138608933014251,1.1138608933014251,1.1261393213966544,1.1440698021624565,1.1551911553925527,1.1631999275062526,1.1708915412347385,1.1811893234284638,1.1865357363090276,1.2375781607325227,1.6456566565410946,1.784974595389222,1.8205859830135178,1.824273505888058,2.056856688617328,2.056856688617328,2.056856688617328,2.066420356906842,2.0760320283681053,2.0864267686314273,2.0864267686314273,2.0864267686314273,2.0864267686314273,2.1467942615136706,2.182784468636689,2.189426440499352,2.248368756851458,2.451286987717683,2.526721627304554,2.529385722259076,2.551740856783543,2.602531134269395,2.679756141095613,2.7736099074010734,4.3405160385219075,4.368454959921313,4.703859384070487
HUMANA | COMMERCIAL CHOICE,-0.951020835523866,-0.951020835523866,-0.9494022204464698,-0.5653579318607349,-0.46560878882839474,-0.46560878882839474,-0.46560878882839474,-0.4656087592005281,-0.43832579118398507,-0.4383257911839849,-0.4383257911839849,-0.4383257911839849,-0.4304447384166452,-0.34429473546502565,-0.30682037141320584,-0.2346606891960263,-0.22642616946797067,-0.191853650221837,-0.191853650221837,-0.191853650221837,-0.16394133922730314,-0.14636593253071092,0.0,0.0024747879215596016,0.023074036420251614,0.24925976106942038,0.28344841486419126,0.3280707420380315,0.33062371709888105,0.33062371709888105,0.33062371709888105,0.40523883637255137,0.46092888538425686,0.47369672774236893,0.4795546034182644,0.5498272959596298,0.5691168091333954,0.6468612179343757,0.75624127897577,0.760609973439716,0.7713654850113503,0.9448121687331361,0.9674949607707142,0.9674949607707142,0.9797733888659437,0.9977038696317456,1.008825222861842,1.0168339949755416,1.0245256087040275,1.0348233908977529,1.040169803778317,1.091212228201812,1.4992907240103834,1.638608662858511,1.6742200504828069,1.677907573357347,1.9104907560866171,1.9104907560866171,1.9104907560866171,1.9200544243761308,1.9296660958373946,1.9400608361007166,1.9400608361007166,1.9400608361007166,1.9400608361007166,2.0004283289829594,2.0364185361059777,2.0430605079686415,2.102002824320747,2.304921055186972,2.380355694773843,2.383019789728365,2.4053749242528317,2.4561652017386844,2.5333902085649025,2.627243974870362,4.194150105991197,4.222089027390602,4.557493451539775
AETNA | COMMERCIAL,-0.9534956234454257,-0.9534956234454257,-0.9518770083680295,-0.5678327197822947,-0.46808357674995454,-0.46808357674995454,-0.46808357674995454,-0.4680835471220878,-0.44080057910554493,-0.44080057910554477,-0.44080057910554477,-0.44080057910554477,-0.4329195263382051,-0.34676952338658523,-0.30929515933476553,-0.23713547711758595,-0.2289009573895303,-0.1943284381433968,-0.1943284381433968,-0.1943284381433968,-0.1664161271488629,-0.14884072045227056,-0.002474787921559719,0.0,0.02059924849869203,0.24678497314786066,0.28097362694263156,0.3255959541164718,0.32814892917732125,0.32814892917732125,0.32814892917732125,0.4027640484509916,0.45845409746269716,0.4712219398208092,0.47707981549670453,0.54735250803807,0.5666420212118357,0.6443864300128161,0.7537664910542101,0.7581351855181564,0.7688906970897905,0.9423373808115764,0.9650201728491545,0.9650201728491545,0.9772986009443839,0.9952290817101859,1.0063504349402823,1.0143592070539822,1.022050820782468,1.0323486029761932,1.0376950158567573,1.088737440280252,1.496815936088824,1.6361338749369514,1.671745262561247,1.6754327854357873,1.9080159681650575,1.9080159681650575,1.9080159681650575,1.9175796364545712,1.9271913079158347,1.937586048179157,1.937586048179157,1.937586048179157,1.937586048179157,1.9979535410614,2.0339437481844183,2.0405857200470816,2.0995280363991875,2.3024462672654122,2.3778809068522833,2.3805450018068055,2.4029001363312723,2.4536904138171245,2.5309154206433426,2.624769186948803,4.1916753180696364,4.219614239469042,4.555018663618216
CIGNA | COMMERCIAL CHOICE,-0.9740948719441177,-0.9740948719441177,-0.9724762568667215,-0.5884319682809868,-0.4886828252486465,-0.4886828252486465,-0.4886828252486465,-0.4886827956207798,-0.4613998276042369,-0.4613998276042367,-0.4613998276042367,-0.4613998276042367,-0.45351877483689695,-0.36736877188527733,-0.32989440783345764,-0.2577347256162779,-0.24950020588822244,-0.2149276866420888,-0.2149276866420888,-0.2149276866420888,-0.1870153756475549,-0.16943996895096258,-0.023074036420251763,-0.020599248498692005,0.0,0.22618572464916867,0.2603743784439396,0.30499670561777975,0.30754968067862937,0.30754968067862937,0.30754968067862937,0.38216479995229957,0.43785484896400506,0.45062269132211713,0.4564805669980126,0.526753259539378,0.5460427727131436,0.623787181514124,0.7331672425555182,0.7375359370194643,0.7482914485910986,0.9217381323128846,0.9444209243504627,0.9444209243504627,0.9566993524456919,0.9746298332114939,0.9857511864415902,0.9937599585552899,1.0014515722837758,1.0117493544775011,1.0170957673580652,1.0681381917815602,1.4762166875901317,1.6155346264382593,1.6511460140625551,1.6548335369370952,1.8874167196663654,1.8874167196663654,1.8874167196663654,1.8969803879558793,1.9065920594171426,1.9169867996804648,1.9169867996804648,1.9169867996804648,1.9169867996804648,1.977354292562708,2.013344499685726,2.0199864715483895,2.0789287879004954,2.2818470187667206,2.3572816583535916,2.3599457533081134,2.38230088783258,2.433091165318433,2.5103161721446505,2.6041699384501107,4.171076069570945,4.19901499097035,4.534419415119524
UNITEDHEALTHCARE | EXCHANGE,-1.2002805965932863,-1.2002805965932863,-1.1986619815158903,-0.8146176929301554,-0.7148685498978152,-0.7148685498978152,-0.7148685498978152,-0.7148685202699484,-0.6875855522534055,-0.6875855522534055,-0.6875855522534055,-0.6875855522534055,-0.6797044994860656,-0.5935544965344459,-0.5560801324826262,-0.4839204502654466,-0.475685930537391,-0.44111341129125736,-0.44111341129125736,-0.44111341129125736,-0.4132011002967235,-0.3956256936001311,-0.2492597610694203,-0.2467849731478607,-0.22618572464916867,0.0,0.034188653794770894,0.07881098096861115,0.0813639560294607,0.0813639560294607,0.0813639560294607,0.1559790753031311,0.21166912431483645,0.22443696667294852,0.2302948423488439,0.3005675348902093,0.31985704806397514,0.39760145686495546,0.5069815179063496,0.5113502123702957,0.5221057239419298,0.6955524076637157,0.7182351997012939,0.7182351997012939,0.7305136277965233,0.7484441085623252,0.7595654617924216,0.7675742339061215,0.7752658476346073,0.7855636298283327,0.7909100427088965,0.8419524671323916,1.2500309629409632,1.3893489017890908,1.4249602894133864,1.4286478122879265,1.6612309950171968,1.6612309950171968,1.6612309950171968,1.6707946633067106,1.680406334767974,1.6908010750312963,1.6908010750312963,1.6908010750312963,1.6908010750312963,1.7511685679135394,1.7871587750365576,1.793800746899221,1.8527430632513269,2.055661294117552,2.131095933704423,2.1337600286589447,2.1561151631834115,2.206905440669264,2.2841304474954818,2.377984213800942,3.944890344921776,3.9728292663211815,4.308233690470355
BCBS NC | HMO/PPO,-1.2344692503880574,-1.2344692503880574,-1.232850635310661,-0.8488063467249262,-0.7490572036925861,-0.7490572036925861,-0.7490572036925861,-0.7490571740647193,-0.7217742060481764,-0.7217742060481762,-0.7217742060481762,-0.7217742060481762,-0.7138931532808366,-0.6277431503292168,-0.5902687862773971,-0.5181091040602175,-0.509874584332162,-0.4753020650860283,-0.4753020650860283,-0.4753020650860283,-0.44738975409149445,-0.42981434739490204,-0.2834484148641913,-0.28097362694263156,-0.2603743784439395,-0.034188653794770874,0.0,0.044622327173840313,0.04717530223468973,0.04717530223468973,0.04717530223468973,0.12179042150836014,0.17748047052006563,0.19024831287817756,0.1961061885540731,0.26637888109543845,0.2856683942692041,0.3634128030701845,0.47279286411157856,0.4771615585755248,0.48791707014715896,0.661363753868945,0.6840465459065229,0.6840465459065229,0.6963249740017523,0.7142554547675544,0.7253768079976507,0.7333855801113505,0.7410771938398363,0.7513749760335616,0.7567213889141255,0.8077638133376206,1.2158423091461923,1.3551602479943197,1.3907716356186157,1.3944591584931556,1.6270423412224257,1.6270423412224257,1.6270423412224257,1.6366060095119397,1.646217680973203,1.6566124212365254,1.6566124212365254,1.6566124212365254,1.6566124212365254,1.7169799141187685,1.7529701212417865,1.75961209310445,1.8185544094565558,2.0214726403227807,2.0969072799096518,2.099571374864174,2.1219265093886404,2.172716786874493,2.249941793700711,2.343795560006171,3.9107016911270054,3.938640612526411,4.274045036675584
BCBS | PPO,-1.2790915775618974,-1.2790915775618974,-1.2774729624845014,-0.8934286738987665,-0.7936795308664264,-0.7936795308664264,-0.7936795308664264,-0.7936795012385596,-0.7663965332220167,-0.7663965332220164,-0.7663965332220164,-0.7663965332220164,-0.7585154804546769,-0.6723654775030571,-0.6348911134512375,-0.5627314312340578,-0.5544969115060021,-0.5199243922598685,-0.5199243922598685,-0.5199243922598685,-0.4920120812653347,-0.4744366745687424,-0.32807074203803144,-0.32559595411647174,-0.3049967056177798,-0.07881098096861121,-0.044622327173840196,0.0,0.0025529750608495492,0.0025529750608495492,0.0025529750608495492,0.0771680943345199,0.13285814334622537,0.14562598570433752,0.15148386138023281,0.22175655392159813,0.24104606709536386,0.3187904758963443,0.4281705369377383,0.4325392314016845,0.4432947429733187,0.6167414266951047,0.6394242187326827,0.6394242187326827,0.6517026468279121,0.6696331275937141,0.6807544808238104,0.6887632529375102,0.696454866665996,0.7067526488597216,0.7120990617402853,0.7631414861637804,1.171219981972352,1.3105379208204795,1.3461493084447753,1.3498368313193154,1.5824200140485856,1.5824200140485856,1.5824200140485856,1.5919836823380995,1.601595353799363,1.611990094062685,1.611990094062685,1.611990094062685,1.611990094062685,1.672357586944928,1.7083477940679466,1.71498976593061,1.7739320822827156,1.9768503131489406,2.0522849527358114,2.0549490476903336,2.0773041822148004,2.128094459700653,2.2053194665268707,2.299173232832331,3.866079363953165,3.8940182853525704,4.229422709501744
FIRST HEALTH NETWORK | PPO,-1.281644552622747,-1.281644552622747,-1.2800259375453507,-0.8959816489596161,-0.7962325059272758,-0.7962325059272758,-0.7962325059272758,-0.796232476299409,-0.7689495082828661,-0.768949508282866,-0.768949508282866,-0.768949508282866,-0.7610684555155263,-0.6749184525639066,-0.6374440885120868,-0.5652844062949073,-0.5570498865668517,-0.522477367320718,-0.522477367320718,-0.522477367320718,-0.49456505632618414,-0.4769896496295919,-0.33062371709888094,-0.3281489291773213,-0.3075496806786292,-0.08136395602946067,-0.04717530223468974,-0.002552975060849449,0.0,0.0,0.0,0.07461511927367044,0.1303051682853758,0.14307301064348796,0.14893088631938325,0.21920357886074876,0.23849309203451438,0.31623750083549473,0.4256175618768888,0.4299862563408351,0.4407417679124693,0.6141884516342552,0.6368712436718332,0.6368712436718332,0.6491496717670626,0.6670801525328646,0.6782015057629609,0.6862102778766607,0.6939018916051465,0.704199673798872,0.7095460866794359,0.7605885111029309,1.1686670069115026,1.30798494575963,1.3435963333839258,1.347283856258466,1.5798670389877363,1.5798670389877363,1.5798670389877363,1.5894307072772498,1.5990423787385135,1.6094371190018355,1.6094371190018355,1.6094371190018355,1.6094371190018355,1.6698046118840786,1.705794819007097,1.7124367908697604,1.771379107221866,1.974297338088091,2.0497319776749623,2.052396072629484,2.074751207153951,2.1255414846398035,2.202766491466021,2.2966202577714814,3.863526388892316,3.891465310291721,4.2268697344408945
MULTIPLAN | PPO,-1.281644552622747,-1.281644552622747,-1.2800259375453507,-0.8959816489596161,-0.7962325059272758,-0.7962325059272758,-0.7962325059272758,-0.796232476299409,-0.7689495082828661,-0.768949508282866,-0.768949508282866,-0.768949508282866,-0.7610684555155263,-0.6749184525639066,-0.6374440885120868,-0.5652844062949073,-0.5570498865668517,-0.522477367320718,-0.522477367320718,-0.522477367320718,-0.49456505632618414,-0.4769896496295919,-0.33062371709888094,-0.3281489291773213,-0.3075496806786292,-0.08136395602946067,-0.04717530223468974,-0.002552975060849449,0.0,0.0,0.0,0.07461511927367044,0.1303051682853758,0.14307301064348796,0.14893088631938325,0.21920357886074876,0.23849309203451438,0.31623750083549473,0.4256175618768888,0.4299862563408351,0.4407417679124693,0.6141884516342552,0.6368712436718332,0.6368712436718332,0.6491496717670626,0.6670801525328646,0.6782015057629609,0.6862102778766607,0.6939018916051465,0.704199673798872,0.7095460866794359,0.7605885111029309,1.1686670069115026,1.30798494575963,1.3435963333839258,1.347283856258466,1.5798670389877363,1.5798670389877363,1.5798670389877363,1.5894307072772498,1.5990423787385135,1.6094371190018355,1.6094371190018355,1.6094371190018355,1.6094371190018355,1.6698046118840786,1.705794819007097,1.7124367908697604,1.771379107221866,1.974297338088091,2.0497319776749623,2.052396072629484,2.074751207153951,2.1255414846398035,2.202766491466021,2.2966202577714814,3.863526388892316,3.891465310291721,4.2268697344408945
PHCS | PPO,-1.281644552622747,-1.281644552622747,-1.2800259375453507,-0.8959816489596161,-0.7962325059272758,-0.7962325059272758,-0.7962325059272758,-0.796232476299409,-0.7689495082828661,-0.768949508282866,-0.768949508282866,-0.768949508282866,-0.7610684555155263,-0.6749184525639066,-0.6374440885120868,-0.5652844062949073,-0.5570498865668517,-0.522477367320718,-0.522477367320718,-0.522477367320718,-0.49456505632618414,-0.4769896496295919,-0.33062371709888094,-0.3281489291773213,-0.3075496806786292,-0.08136395602946067,-0.04717530223468974,-0.002552975060849449,0.0,0.0,0.0,0.07461511927367044,0.1303051682853758,0.14307301064348796,0.14893088631938325,0.21920357886074876,0.23849309203451438,0.31623750083549473,0.4256175618768888,0.4299862563408351,0.4407417679124693,0.6141884516342552,0.6368712436718332,0.6368712436718332,0.6491496717670626,0.6670801525328646,0.6782015057629609,0.6862102778766607,0.6939018916051465,0.704199673798872,0.7095460866794359,0.7605885111029309,1.1686670069115026,1.30798494575963,1.3435963333839258,1.347283856258466,1.5798670389877363,1.5798670389877363,1.5798670389877363,1.5894307072772498,1.5990423787385135,1.6094371190018355,1.6094371190018355,1.6094371190018355,1.6094371190018355,1.6698046118840786,1.705794819007097,1.7124367908697604,1.771379107221866,1.974297338088091,2.0497319776749623,2.052396072629484,2.074751207153951,2.1255414846398035,2.202766491466021,2.2966202577714814,3.863526388892316,3.891465310291721,4.2268697344408945
QTC MEDICAL GROUP | PPO,-1.3562596718964175,-1.3562596718964175,-1.354641056819021,-0.9705967682332863,-0.8708476252009462,-0.8708476252009462,-0.8708476252009462,-0.8708475955730794,-0.8435646275565366,-0.8435646275565363,-0.8435646275565363,-0.8435646275565363,-0.8356835747891966,-0.7495335718375769,-0.7120592077857573,-0.6398995255685775,-0.6316650058405221,-0.5970924865943885,-0.5970924865943885,-0.5970924865943885,-0.5691801755998546,-0.5516047689032622,-0.40523883637255137,-0.40276404845099173,-0.3821647999522996,-0.15597907530313102,-0.12179042150836003,-0.0771680943345199,-0.0746151192736704,-0.0746151192736704,-0.0746151192736704,0.0,0.055690049011705406,0.06845789136981763,0.07431576704571297,0.14458845958707842,0.16387797276084407,0.24162238156182433,0.35100244260321845,0.35537113706716467,0.3661266486387989,0.5395733323605848,0.5622561243981629,0.5622561243981629,0.5745345524933924,0.5924650332591943,0.6035863864892905,0.6115951586029904,0.6192867723314762,0.6295845545252017,0.6349309674057655,0.6859733918292605,1.0940518876378322,1.2333698264859596,1.2689812141102554,1.2726687369847955,1.5052519197140657,1.5052519197140657,1.5052519197140657,1.5148155880035794,1.5244272594648431,1.5348219997281654,1.5348219997281654,1.5348219997281654,1.5348219997281654,1.5951894926104082,1.6311796997334267,1.6378216715960898,1.6967639879481957,1.8996822188144207,1.9751168584012917,1.9777809533558137,2.0001360878802803,2.050926365366133,2.1281513721923506,2.222005138497811,3.7889112696186453,3.816850191018051,4.152254615167225
CRESCENT | PPO,-1.4119497209081229,-1.4119497209081229,-1.4103311058307266,-1.026286817244992,-0.9265376742126517,-0.9265376742126517,-0.9265376742126517,-0.9265376445847849,-0.8992546765682421,-0.8992546765682419,-0.8992546765682419,-0.8992546765682419,-0.8913736238009022,-0.8052236208492825,-0.7677492567974628,-0.6955895745802831,-0.6873550548522275,-0.652782535606094,-0.652782535606094,-0.652782535606094,-0.62487022461156,-0.6072948179149678,-0.4609288853842568,-0.4584540974626971,-0.4378548489640051,-0.21166912431483648,-0.17748047052006563,-0.13285814334622528,-0.13030516828537586,-0.13030516828537586,-0.13030516828537586,-0.05569004901170551,0.0,0.012767842358112073,0.018625718034007373,0.08889841057537286,0.10818792374913862,0.18593233255011882,0.29531239359151296,0.2996810880554593,0.31043659962709336,0.4838832833488793,0.5065660753864574,0.5065660753864574,0.5188445034816868,0.5367749842474887,0.547896337477585,0.5559051095912848,0.5635967233197707,0.5738945055134962,0.57924091839406,0.6302833428175549,1.0383618386261269,1.177679777474254,1.21329116509855,1.2169786879730902,1.4495618707023603,1.4495618707023603,1.4495618707023603,1.459125538991874,1.4687372104531378,1.4791319507164598,1.4791319507164598,1.4791319507164598,1.4791319507164598,1.5394994435987028,1.575489650721721,1.5821316225843844,1.6410739389364903,1.8439921698027153,1.9194268093895863,1.9220909043441081,1.944446038868575,1.9952363163544276,2.0724613231806455,2.1663150894861056,3.7332212206069397,3.761160142006345,4.096564566155519
AETNA | HMO/PPO,-1.424717563266235,-1.424717563266235,-1.4230989481888388,-1.0390546596031038,-0.9393055165707637,-0.9393055165707637,-0.9393055165707637,-0.9393054869428971,-0.9120225189263541,-0.9120225189263539,-0.9120225189263539,-0.9120225189263539,-0.9041414661590143,-0.8179914632073945,-0.7805170991555748,-0.7083574169383952,-0.7001228972103397,-0.665550377964206,-0.665550377964206,-0.665550377964206,-0.6376380669696721,-0.6200626602730799,-0.47369672774236893,-0.4712219398208092,-0.4506226913221173,-0.22443696667294857,-0.1902483128781776,-0.14562598570433738,-0.14307301064348799,-0.14307301064348799,-0.14307301064348799,-0.06845789136981752,-0.012767842358112026,0.0,0.005857875675895415,0.0761305682172608,0.09542008139102652,0.17316449019200691,0.28254455123340105,0.2869132456973472,0.29766875726898134,0.47111544099076724,0.49379823302834525,0.49379823302834525,0.5060766611235747,0.5240071418893767,0.535128495119473,0.5431372672331728,0.5508288809616586,0.5611266631553841,0.5664730760359479,0.6175155004594429,1.0255939962680147,1.164911935116142,1.200523322740438,1.204210845614978,1.4367940283442482,1.4367940283442482,1.4367940283442482,1.446357696633762,1.4559693680950256,1.4663641083583476,1.4663641083583476,1.4663641083583476,1.4663641083583476,1.5267316012405907,1.562721808363609,1.5693637802262725,1.6283060965783782,1.8312243274446032,1.9066589670314742,1.9093230619859962,1.9316781965104628,1.9824684739963154,2.059693480822533,2.1535472471279933,3.720453378248828,3.748392299648233,4.083796723797406
MEDCOST | PPO,-1.4305754389421304,-1.4305754389421304,-1.428956823864734,-1.0449125352789992,-0.9451633922466591,-0.9451633922466591,-0.9451633922466591,-0.9451633626187923,-0.9178803946022495,-0.9178803946022493,-0.9178803946022493,-0.9178803946022493,-0.9099993418349095,-0.8238493388832899,-0.7863749748314701,-0.7142152926142905,-0.705980772886235,-0.6714082536401013,-0.6714082536401013,-0.6714082536401013,-0.6434959426455675,-0.6259205359489751,-0.47955460341826434,-0.4770798154967046,-0.45648056699801265,-0.230294842348844,-0.19610618855407297,-0.15148386138023273,-0.14893088631938325,-0.14893088631938325,-0.14893088631938325,-0.07431576704571295,-0.018625718034007466,-0.005857875675895327,0.0,0.07027269254136533,0.0895622057151311,0.16730661451611137,0.2766866755575056,0.2810553700214518,0.2918108815930858,0.4652575653148719,0.48794035735244995,0.48794035735244995,0.5002187854476794,0.5181492662134812,0.5292706194435776,0.5372793915572774,0.5449710052857634,0.5552687874794887,0.5606152003600525,0.6116576247835475,1.0197361205921192,1.1590540594402468,1.1946654470645426,1.1983529699390827,1.4309361526683528,1.4309361526683528,1.4309361526683528,1.4404998209578666,1.45011149241913,1.4605062326824523,1.4605062326824523,1.4605062326824523,1.4605062326824523,1.5208737255646954,1.5568639326877136,1.563505904550377,1.6224482209024829,1.8253664517687078,1.9008010913555788,1.9034651863101009,1.9258203208345677,1.97661059832042,2.053835605146638,2.147689371452098,3.7145955025729323,3.7425344239723377,4.077938848121511
BCBS | COMMERCIAL,-1.5008481314834956,-1.5008481314834956,-1.4992295164060996,-1.1151852278203647,-1.0154360847880244,-1.0154360847880244,-1.0154360847880244,-1.0154360551601576,-0.9881530871436149,-0.9881530871436146,-0.9881530871436146,-0.9881530871436146,-0.980272034376275,-0.8941220314246552,-0.8566476673728355,-0.784487985155656,-0.7762534654276004,-0.7416809461814666,-0.7416809461814666,-0.7416809461814666,-0.7137686351869328,-0.6961932284903406,-0.5498272959596296,-0.5473525080380699,-0.5267532595393779,-0.3005675348902094,-0.26637888109543845,-0.22175655392159824,-0.2192035788607487,-0.2192035788607487,-0.2192035788607487,-0.14458845958707836,-0.08889841057537282,-0.07613056821726075,-0.07027269254136537,0.0,0.019289513173765777,0.09703392197474607,0.20641398301614022,0.21078267748008644,0.22153818905172054,0.39498487277350647,0.4176676648110845,0.4176676648110845,0.42994609290631386,0.44787657367211586,0.45899792690221214,0.467006699015912,0.4746983127443979,0.48499609493812323,0.49034250781868716,0.5413849322421822,0.949463428050754,1.0887813668988815,1.124392754523177,1.1280802773977172,1.3606634601269876,1.3606634601269876,1.3606634601269876,1.3702271284165013,1.3798387998777648,1.3902335401410868,1.3902335401410868,1.3902335401410868,1.3902335401410868,1.45060103302333,1.4865912401463481,1.4932332120090117,1.5521755283611174,1.7550937592273423,1.8305283988142134,1.8331924937687354,1.8555476282932022,1.9063379057790546,1.9835629126052725,2.0774166789107325,3.644322810031567,3.6722617314309725,4.0076661555801465
UNITEDHEALTHCARE | HMO/PPO,-1.5201376446572614,-1.5201376446572614,-1.5185190295798652,-1.1344747409941303,-1.0347255979617902,-1.0347255979617902,-1.0347255979617902,-1.0347255683339234,-1.0074426003173804,-1.0074426003173804,-1.0074426003173804,-1.0074426003173804,-0.9995615475500407,-0.913411544598421,-0.8759371805466013,-0.8037774983294216,-0.7955429786013661,-0.7609704593552324,-0.7609704593552324,-0.7609704593552324,-0.7330581483606986,-0.7154827416641063,-0.5691168091333955,-0.5666420212118358,-0.5460427727131437,-0.319857048063975,-0.2856683942692042,-0.24104606709536383,-0.23849309203451438,-0.23849309203451438,-0.23849309203451438,-0.16387797276084404,-0.10818792374913849,-0.09542008139102642,-0.08956220571513107,-0.01928951317376567,0.0,0.07774440880098027,0.18712446984237444,0.19149316430632063,0.2022486758779549,0.37569535959974076,0.3983781516373189,0.3983781516373189,0.41065657973254815,0.4285870604983502,0.4397084137284465,0.4477171858421463,0.4554087995706322,0.46570658176435753,0.4710529946449215,0.5220954190684164,0.9301739148769881,1.0694918537251155,1.1051032413494115,1.1087907642239516,1.3413739469532218,1.3413739469532218,1.3413739469532218,1.3509376152427355,1.360549286703999,1.3709440269673212,1.3709440269673212,1.3709440269673212,1.3709440269673212,1.4313115198495643,1.4673017269725825,1.4739436988352461,1.5328860151873518,1.7358042460535765,1.8112388856404478,1.8139029805949698,1.8362581151194364,1.887048392605289,1.9642733994315067,2.058127165736967,3.625033296857801,3.6529722182572066,3.9883766424063807
CIGNA | HMO/PPO,-1.5978820534582416,-1.5978820534582416,-1.5962634383808456,-1.2122191497951107,-1.1124700067627704,-1.1124700067627704,-1.1124700067627704,-1.1124699771349038,-1.0851870091183609,-1.0851870091183609,-1.0851870091183609,-1.0851870091183609,-1.077305956351021,-0.9911559533994013,-0.9536815893475816,-0.8815219071304021,-0.8732873874023465,-0.8387148681562129,-0.8387148681562129,-0.8387148681562129,-0.810802557161679,-0.7932271504650865,-0.6468612179343758,-0.6443864300128159,-0.623787181514124,-0.39760145686495535,-0.3634128030701844,-0.3187904758963442,-0.3162375008354948,-0.3162375008354948,-0.3162375008354948,-0.24162238156182433,-0.18593233255011893,-0.17316449019200678,-0.16730661451611148,-0.09703392197474604,-0.07774440880098031,0.0,0.10938006104139412,0.11374875550534023,0.12450426707697448,0.29795095079876044,0.32063374283633855,0.32063374283633855,0.33291217093156783,0.35084265169736983,0.36196400492746617,0.36997277704116593,0.3776643907696518,0.38796217296337715,0.3933085858439411,0.4443510102674362,0.8524295060760079,0.9917474449241354,1.027358832548431,1.0310463554229712,1.2636295381522413,1.2636295381522413,1.2636295381522413,1.273193206441755,1.2828048779030188,1.2931996181663408,1.2931996181663408,1.2931996181663408,1.2931996181663408,1.3535671110485838,1.3895573181716023,1.3961992900342657,1.4551416063863714,1.6580598372525963,1.7334944768394673,1.7361585717939894,1.758513706318456,1.8093039838043088,1.8865289906305265,1.9803827569359864,3.547288888056821,3.575227809456226,3.9106322336054
UNITEDHEALTHCARE | HMO,-1.7072621144996358,-1.7072621144996358,-1.7056434994222398,-1.321599210836505,-1.2218500678041646,-1.2218500678041646,-1.2218500678041646,-1.2218500381762978,-1.194567070159755,-1.194567070159755,-1.194567070159755,-1.194567070159755,-1.1866860173924152,-1.1005360144407954,-1.0630616503889758,-0.9909019681717962,-0.9826674484437405,-0.948094929197607,-0.948094929197607,-0.948094929197607,-0.920182618203073,-0.9026072115064807,-0.7562412789757699,-0.7537664910542102,-0.7331672425555181,-0.5069815179063496,-0.47279286411157856,-0.42817053693773843,-0.42561756187688893,-0.42561756187688893,-0.42561756187688893,-0.35100244260321856,-0.29531239359151307,-0.28254455123340094,-0.27668667555750553,-0.20641398301614025,-0.18712446984237444,-0.10938006104139408,0.0,0.004368694463946155,0.015124206035580304,0.18857088975736636,0.21125368179494441,0.21125368179494441,0.2235321098901738,0.2414625906559757,0.252583943886072,0.2605927159997718,0.2682843297282577,0.2785821119219832,0.28392852480254704,0.3349709492260419,0.7430494450346137,0.8823673838827412,0.917978771507037,0.9216662943815771,1.1542494771108471,1.1542494771108471,1.1542494771108471,1.163813145400361,1.1734248168616246,1.1838195571249468,1.1838195571249468,1.1838195571249468,1.1838195571249468,1.2441870500071897,1.2801772571302081,1.2868192289928715,1.3457615453449774,1.5486797762112021,1.6241144157980734,1.6267785107525952,1.649133645277062,1.6999239227629144,1.7771489295891323,1.8710026958945924,3.4379088270154265,3.465847748414832,3.801252172564006
MEDICAID / MANAGED MEDICAID | MEDICAID MANAGED CARE,-1.711630808963582,-1.711630808963582,-1.7100121938861859,-1.325967905300451,-1.2262187622681109,-1.2262187622681109,-1.2262187622681109,-1.2262187326402443,-1.1989357646237013,-1.198935764623701,-1.198935764623701,-1.198935764623701,-1.1910547118563615,-1.1049047089047417,-1.067430344852922,-0.9952706626357424,-0.9870361429076867,-0.9524636236615531,-0.9524636236615531,-0.9524636236615531,-0.9245513126670193,-0.906975905970427,-0.7606099734397161,-0.7581351855181563,-0.7375359370194644,-0.5113502123702958,-0.4771615585755249,-0.4325392314016846,-0.42998625634083504,-0.42998625634083504,-0.42998625634083504,-0.3553711370671648,-0.29968108805545923,-0.2869132456973472,-0.2810553700214518,-0.21078267748008636,-0.19149316430632066,-0.11374875550534033,-0.004368694463946197,0.0,0.010755511571634102,0.18420219529342005,0.20688498733099808,0.20688498733099808,0.21916341542622758,0.23709389619202953,0.24821524942212583,0.2562240215358256,0.2639156352643115,0.27421341745803696,0.27955983033860077,0.3306022547620958,0.7386807505706675,0.8779986894187949,0.9136100770430907,0.9172975999176309,1.149880782646901,1.149880782646901,1.149880782646901,1.1594444509364148,1.1690561223976783,1.1794508626610005,1.1794508626610005,1.1794508626610005,1.1794508626610005,1.2398183555432436,1.2758085626662619,1.2824505345289252,1.341392850881031,1.544311081747256,1.619745721334127,1.622409816288649,1.6447649508131157,1.6955552282989683,1.7727802351251862,1.8666340014306462,3.4335401325514807,3.4614790539508857,3.7968834781000598
MEDICAID / MANAGED MEDICAID | COMMERCIAL,-1.7223863205352161,-1.7223863205352161,-1.72076770545782,-1.3367234168720852,-1.2369742738397451,-1.2369742738397451,-1.2369742738397451,-1.236974244211878,-1.2096912761953353,-1.2096912761953353,-1.2096912761953353,-1.2096912761953353,-1.2018102234279955,-1.115660220476376,-1.078185856424556,-1.0060261742073766,-0.9977916544793208,-0.9632191352331873,-0.9632191352331873,-0.9632191352331873,-0.9353068242386534,-0.9177314175420611,-0.7713654850113503,-0.7688906970897905,-0.7482914485910985,-0.5221057239419299,-0.4879170701471589,-0.4432947429733186,-0.44074176791246916,-0.44074176791246916,-0.44074176791246916,-0.36612664863879885,-0.31043659962709336,-0.2976687572689813,-0.29181088159308594,-0.2215381890517205,-0.2022486758779549,-0.1245042670769745,-0.015124206035580285,-0.010755511571634126,0.0,0.17344668372178595,0.19612947575936399,0.19612947575936399,0.20840790385459337,0.22633838462039535,0.23745973785049176,0.24546850996419153,0.2531601236926774,0.2634579058864027,0.2688043187669667,0.3198467431904617,0.7279252389990333,0.8672431778471609,0.9028545654714566,0.9065420883459967,1.1391252710752668,1.1391252710752668,1.1391252710752668,1.1486889393647808,1.1583006108260443,1.1686953510893663,1.1686953510893663,1.1686953510893663,1.1686953510893663,1.2290628439716096,1.2650530510946276,1.2716950229572912,1.330637339309397,1.5335555701756218,1.6089902097624929,1.6116543047170149,1.6340094392414817,1.6847997167273343,1.762024723553552,1.8558784898590122,3.4227846209798463,3.4507235423792517,3.7861279665284258
ALIGNMENT HEALTH | HMO,-1.8958330042570022,-1.8958330042570022,-1.894214389179606,-1.5101701005938712,-1.410420957561531,-1.410420957561531,-1.410420957561531,-1.4104209279336641,-1.3831379599171214,-1.3831379599171212,-1.3831379599171212,-1.3831379599171212,-1.3752569071497815,-1.2891069041981618,-1.251632540146342,-1.1794728579291625,-1.171238338201107,-1.1366658189549732,-1.1366658189549732,-1.1366658189549732,-1.1087535079604394,-1.091178101263847,-0.9448121687331362,-0.9423373808115765,-0.9217381323128845,-0.6955524076637158,-0.661363753868945,-0.6167414266951047,-0.6141884516342552,-0.6141884516342552,-0.6141884516342552,-0.5395733323605848,-0.4838832833488793,-0.4711154409907672,-0.4652575653148719,-0.39498487277350647,-0.3756953595997407,-0.29795095079876044,-0.18857088975736633,-0.18420219529342005,-0.17344668372178593,0.0,0.022682792037578097,0.022682792037578097,0.0349612201328074,0.05289170089860944,0.06401305412870582,0.07202182624240556,0.07971343997089145,0.09001122216461675,0.09535763504518056,0.1464000594686757,0.5544785552772474,0.6937964941253749,0.7294078817496705,0.7330954046242106,0.965678587353481,0.965678587353481,0.965678587353481,0.9752422556429947,0.9848539271042583,0.9952486673675804,0.9952486673675804,0.9952486673675804,0.9952486673675804,1.0556161602498235,1.0916063673728418,1.0982483392355051,1.157190655587611,1.3601088864538358,1.4355435260407068,1.4382076209952288,1.4605627555196956,1.5113530330055482,1.5885780398317662,1.6824318061372263,3.2493379372580606,3.2772768586574657,3.6126812828066397
TRICARE | HMO,-1.9185157962945802,-1.9185157962945802,-1.916897181217184,-1.5328528926314493,-1.433103749599109,-1.433103749599109,-1.433103749599109,-1.4331037199712422,-1.4058207519546995,-1.4058207519546992,-1.4058207519546992,-1.4058207519546992,-1.3979396991873596,-1.3117896962357398,-1.27431533218392,-1.2021556499667407,-1.193921130238685,-1.1593486109925513,-1.1593486109925513,-1.1593486109925513,-1.1314362999980174,-1.1138608933014251,-0.9674949607707142,-0.9650201728491545,-0.9444209243504625,-0.7182351997012939,-0.684046545906523,-0.6394242187326827,-0.6368712436718332,-0.6368712436718332,-0.6368712436718332,-0.5622561243981629,-0.5065660753864574,-0.49379823302834536,-0.48794035735244995,-0.4176676648110846,-0.3983781516373189,-0.32063374283633855,-0.21125368179494444,-0.20688498733099817,-0.19612947575936407,-0.02268279203757803,0.0,0.0,0.012278428095229466,0.03020890886103131,0.0413302620911276,0.04933903420482737,0.05703064793331336,0.06732843012703864,0.07267484300760262,0.12371726743109764,0.5317957632396694,0.6711137020877967,0.7067250897120926,0.7104126125866327,0.9429957953159028,0.9429957953159028,0.9429957953159028,0.9525594636054167,0.9621711350666803,0.9725658753300023,0.9725658753300023,0.9725658753300023,0.9725658753300023,1.0329333682122455,1.0689235753352635,1.075565547197927,1.134507863550033,1.3374260944162577,1.412860734003129,1.4155248289576507,1.4378799634821176,1.4886702409679702,1.565895247794188,1.659749014099648,3.2266551452204824,3.254594066619888,3.5899984907690614
TRICARE | COMMERCIAL,-1.9185157962945802,-1.9185157962945802,-1.916897181217184,-1.5328528926314493,-1.433103749599109,-1.433103749599109,-1.433103749599109,-1.4331037199712422,-1.4058207519546995,-1.4058207519546992,-1.4058207519546992,-1.4058207519546992,-1.3979396991873596,-1.3117896962357398,-1.27431533218392,-1.2021556499667407,-1.193921130238685,-1.1593486109925513,-1.1593486109925513,-1.1593486109925513,-1.1314362999980174,-1.1138608933014251,-0.9674949607707142,-0.9650201728491545,-0.9444209243504625,-0.7182351997012939,-0.684046545906523,-0.6394242187326827,-0.6368712436718332,-0.6368712436718332,-0.6368712436718332,-0.5622561243981629,-0.5065660753864574,-0.49379823302834536,-0.48794035735244995,-0.4176676648110846,-0.3983781516373189,-0.32063374283633855,-0.21125368179494444,-0.20688498733099817,-0.19612947575936407,-0.02268279203757803,0.0,0.0,0.012278428095229466,0.03020890886103131,0.0413302620911276,0.04933903420482737,0.05703064793331336,0.06732843012703864,0.07267484300760262,0.12371726743109764,0.5317957632396694,0.6711137020877967,0.7067250897120926,0.7104126125866327,0.9429957953159028,0.9429957953159028,0.9429957953159028,0.9525594636054167,0.9621711350666803,0.9725658753300023,0.9725658753300023,0.9725658753300023,0.9725658753300023,1.0329333682122455,1.0689235753352635,1.075565547197927,1.134507863550033,1.3374260944162577,1.412860734003129,1.4155248289576507,1.4378799634821176,1.4886702409679702,1.565895247794188,1.659749014099648,3.2266551452204824,3.254594066619888,3.5899984907690614
FIRST MEDICARE DIRECT | MEDICARE ADVANTAGE,-1.9307942243898095,-1.9307942243898095,-1.9291756093124133,-1.5451313207266786,-1.4453821776943385,-1.4453821776943385,-1.4453821776943385,-1.4453821480664717,-1.4180991800499287,-1.4180991800499285,-1.4180991800499285,-1.4180991800499285,-1.4102181272825889,-1.324068124330969,-1.2865937602791495,-1.2144340780619698,-1.2061995583339142,-1.1716270390877808,-1.1716270390877808,-1.1716270390877808,-1.1437147280932467,-1.1261393213966546,-0.9797733888659436,-0.9772986009443838,-0.9566993524456919,-0.7305136277965233,-0.6963249740017524,-0.651702646827912,-0.6491496717670625,-0.6491496717670625,-0.6491496717670625,-0.5745345524933921,-0.5188445034816868,-0.5060766611235746,-0.5002187854476793,-0.42994609290631397,-0.4106565797325483,-0.33291217093156794,-0.22353210989017372,-0.2191634154262275,-0.20840790385459337,-0.03496122013280746,-0.012278428095229322,-0.012278428095229322,0.0,0.017930480765801973,0.02905183399589837,0.03706060610959813,0.04475221983808401,0.0550500020318093,0.060396414912373145,0.11143883933586829,0.5195173351444399,0.6588352739925674,0.6944466616168633,0.6981341844914034,0.9307173672206734,0.9307173672206734,0.9307173672206734,0.9402810355101873,0.9498927069714509,0.9602874472347729,0.9602874472347729,0.9602874472347729,0.9602874472347729,1.0206549401170162,1.0566451472400342,1.0632871191026978,1.1222294354548037,1.3251476663210284,1.4005823059078994,1.4032464008624215,1.4256015353868883,1.4763918128727407,1.5536168196989586,1.6474705860044188,3.214376717125253,3.2423156385246585,3.577720062673832
AETNA | MEDICARE ADVANTAGE,-1.9487247051556116,-1.9487247051556116,-1.9471060900782153,-1.5630618014924806,-1.4633126584601404,-1.4633126584601404,-1.4633126584601404,-1.4633126288322735,-1.4360296608157308,-1.4360296608157306,-1.4360296608157306,-1.4360296608157306,-1.4281486080483907,-1.3419986050967712,-1.3045242410449516,-1.2323645588277718,-1.2241300390997163,-1.1895575198535826,-1.1895575198535826,-1.1895575198535826,-1.1616452088590488,-1.1440698021624565,-0.9977038696317455,-0.9952290817101859,-0.9746298332114939,-0.7484441085623252,-0.7142554547675543,-0.669633127593714,-0.6670801525328646,-0.6670801525328646,-0.6670801525328646,-0.5924650332591943,-0.5367749842474887,-0.5240071418893767,-0.5181492662134813,-0.4478765736721159,-0.42858706049835016,-0.3508426516973698,-0.24146259065597572,-0.23709389619202945,-0.22633838462039532,-0.052891700898609374,-0.030208908861031333,-0.030208908861031333,-0.017930480765802007,0.0,0.011121353230096278,0.01913012534379616,0.026821739072281924,0.037119521266007365,0.04246593414657116,0.09350835857006637,0.501586854378638,0.6409047932267654,0.6765161808510612,0.6802037037256015,0.9127868864548716,0.9127868864548716,0.9127868864548716,0.9223505547443853,0.9319622262056487,0.9423569664689709,0.9423569664689709,0.9423569664689709,0.9423569664689709,1.0027244593512141,1.0387146664742322,1.0453566383368957,1.1042989546890016,1.3072171855552264,1.3826518251420976,1.3853159200966194,1.4076710546210862,1.4584613321069388,1.5356863389331565,1.6295401052386167,3.196446236359451,3.2243851577588565,3.55978958190803
HEALTH TEAM ADVANTAGE | MEDICARE ADVANTAGE,-1.959846058385708,-1.959846058385708,-1.9582274433083118,-1.5741831547225769,-1.4744340116902366,-1.4744340116902366,-1.4744340116902366,-1.47443398206237,-1.447151014045827,-1.4471510140458268,-1.4471510140458268,-1.4471510140458268,-1.4392699612784872,-1.3531199583268676,-1.3156455942750478,-1.243485912057868,-1.2352513923298127,-1.2006788730836788,-1.2006788730836788,-1.2006788730836788,-1.172766562089145,-1.155191155392553,-1.008825222861842,-1.0063504349402823,-0.9857511864415902,-0.7595654617924216,-0.7253768079976507,-0.6807544808238103,-0.678201505762961,-0.678201505762961,-0.678201505762961,-0.6035863864892905,-0.5478963374775851,-0.5351284951194729,-0.5292706194435776,-0.4589979269022122,-0.4397084137284465,-0.36196400492746605,-0.2525839438860721,-0.24821524942212578,-0.23745973785049163,-0.06401305412870568,-0.04133026209112766,-0.04133026209112766,-0.029051833995898238,-0.011121353230096357,0.0,0.008008772113699722,0.015700385842185763,0.025998168035911193,0.03134458091647488,0.08238700533996997,0.49046550114854165,0.6297834399966691,0.6653948276209649,0.669082350495505,0.9016655332247753,0.9016655332247753,0.9016655332247753,0.9112292015142889,0.9208408729755525,0.9312356132388747,0.9312356132388747,0.9312356132388747,0.9312356132388747,0.9916031061211178,1.027593313244136,1.0342352851067995,1.0931776014589054,1.2960958323251301,1.3715304719120012,1.3741945668665232,1.3965497013909898,1.4473399788768424,1.5245649857030603,1.6184187520085205,3.1853248831293546,3.21326380452876,3.548668228677934
UNITEDHEALTHCARE | MEDICARE ADVANTAGE,-1.9678548304994077,-1.9678548304994077,-1.9662362154220117,-1.5821919268362767,-1.4824427838039365,-1.4824427838039365,-1.4824427838039365,-1.4824427541760696,-1.455159786159527,-1.4551597861595267,-1.4551597861595267,-1.4551597861595267,-1.447278733392187,-1.3611287304405673,-1.3236543663887474,-1.251494684171568,-1.2432601644435124,-1.2086876451973787,-1.2086876451973787,-1.2086876451973787,-1.1807753342028449,-1.1631999275062526,-1.0168339949755416,-1.014359207053982,-0.99375995855529,-0.7675742339061213,-0.7333855801113504,-0.6887632529375103,-0.6862102778766607,-0.6862102778766607,-0.6862102778766607,-0.6115951586029904,-0.5559051095912848,-0.5431372672331728,-0.5372793915572774,-0.4670066990159121,-0.4477171858421463,-0.3699727770411659,-0.2605927159997718,-0.2562240215358256,-0.24546850996419142,-0.07202182624240551,-0.04933903420482746,-0.04933903420482746,-0.037060606109598056,-0.019130125343796104,-0.008008772113699807,0.0,0.0076916137284858375,0.017989395922211264,0.023335808802775224,0.07437823322627007,0.48245672903484194,0.6217746678829693,0.657386055507265,0.6610735783818052,0.8936567611110754,0.8936567611110754,0.8936567611110754,0.9032204294005892,0.9128321008618527,0.923226841125175,0.923226841125175,0.923226841125175,0.923226841125175,0.983594334007418,1.0195845411304363,1.0262265129930996,1.0851688293452055,1.2880870602114305,1.3635216997983015,1.3661857947528233,1.3885409292772901,1.4393312067631427,1.5165562135893604,1.6104099798948206,3.177316111015655,3.20525503241506,3.540659456564234
OSCAR HEALTH | MEDICARE ADVANTAGE HMO,-1.9755464442278936,-1.9755464442278936,-1.9739278291504974,-1.5898835405647624,-1.4901343975324224,-1.4901343975324224,-1.4901343975324224,-1.4901343679045556,-1.4628513998880128,-1.4628513998880126,-1.4628513998880126,-1.4628513998880126,-1.454970347120673,-1.3688203441690532,-1.3313459801172334,-1.2591862979000539,-1.2509517781719983,-1.2163792589258646,-1.2163792589258646,-1.2163792589258646,-1.1884669479313308,-1.1708915412347385,-1.0245256087040275,-1.022050820782468,-1.001451572283776,-0.7752658476346072,-0.7410771938398363,-0.6964548666659961,-0.6939018916051466,-0.6939018916051466,-0.6939018916051466,-0.6192867723314761,-0.5635967233197706,-0.5508288809616587,-0.5449710052857633,-0.47469831274439783,-0.45540879957063224,-0.3776643907696518,-0.26828432972825766,-0.26391563526431144,-0.2531601236926773,-0.07971343997089136,-0.057030647933313354,-0.057030647933313354,-0.04475221983808391,-0.02682173907228204,-0.01570038584218572,-0.007691613728485886,0.0,0.010297782193725485,0.015644195074289314,0.06668661949778422,0.474765115306356,0.6140830541544834,0.6496944417787792,0.6533819646533193,0.8859651473825896,0.8859651473825896,0.8859651473825896,0.8955288156721034,0.9051404871333668,0.915535227396689,0.915535227396689,0.915535227396689,0.915535227396689,0.9759027202789322,1.0118929274019504,1.018534899264614,1.0774772156167196,1.2803954464829446,1.3558300860698156,1.3584941810243374,1.3808493155488042,1.4316395930346568,1.5088645998608745,1.6027183661663347,3.169624497287169,3.1975634186865745,3.532967842835748
WELLCARE | MEDICARE ADVANTAGE,-1.985844226421619,-1.985844226421619,-1.9842256113442227,-1.600181322758488,-1.500432179726148,-1.500432179726148,-1.500432179726148,-1.5004321500982811,-1.4731491820817382,-1.473149182081738,-1.473149182081738,-1.473149182081738,-1.4652681293143983,-1.3791181263627785,-1.341643762310959,-1.2694840800937792,-1.2612495603657237,-1.2266770411195902,-1.2266770411195902,-1.2266770411195902,-1.1987647301250561,-1.1811893234284638,-1.034823390897753,-1.0323486029761932,-1.0117493544775014,-0.7855636298283326,-0.7513749760335617,-0.7067526488597214,-0.704199673798872,-0.704199673798872,-0.704199673798872,-0.6295845545252016,-0.5738945055134961,-0.5611266631553842,-0.5552687874794886,-0.48499609493812335,-0.4657065817643577,-0.3879621729633773,-0.2785821119219831,-0.2742134174580369,-0.26345790588640283,-0.09001122216461682,-0.06732843012703876,-0.06732843012703876,-0.05505000203180932,-0.037119521266007406,-0.025998168035911106,-0.017989395922211323,-0.010297782193725376,0.0,0.005346412880563749,0.056388837304058845,0.46446733311263055,0.603785271960758,0.6393966595850539,0.643084182459594,0.8756673651888641,0.8756673651888641,0.8756673651888641,0.8852310334783778,0.8948427049396414,0.9052374452029637,0.9052374452029637,0.9052374452029637,0.9052374452029637,0.9656049380852066,1.0015951452082248,1.0082371170708884,1.0671794334229943,1.270097664289219,1.3455323038760902,1.348196398830612,1.3705515333550788,1.4213418108409313,1.4985668176671494,1.5924205839726093,3.1593267150934436,3.187265636492849,3.5226700606420227
HUMANA | HMO,-1.9911906393021828,-1.9911906393021828,-1.9895720242247867,-1.6055277356390518,-1.5057785926067115,-1.5057785926067115,-1.5057785926067115,-1.5057785629788447,-1.478495594962302,-1.4784955949623018,-1.4784955949623018,-1.4784955949623018,-1.4706145421949621,-1.3844645392433423,-1.3469901751915228,-1.274830492974343,-1.2665959732462875,-1.232023454000154,-1.232023454000154,-1.232023454000154,-1.2041111430056202,-1.1865357363090276,-1.040169803778317,-1.037695015856757,-1.0170957673580652,-0.7909100427088964,-0.7567213889141257,-0.7120990617402853,-0.7095460866794359,-0.7095460866794359,-0.7095460866794359,-0.6349309674057654,-0.5792409183940601,-0.5664730760359478,-0.5606152003600526,-0.4903425078186872,-0.47105299464492145,-0.39330858584394107,-0.2839285248025469,-0.27955983033860077,-0.26880431876696664,-0.09535763504518059,-0.07267484300760253,-0.07267484300760253,-0.06039641491237316,-0.04246593414657127,-0.03134458091647486,-0.023335808802775092,-0.015644195074289293,-0.005346412880563823,0.0,0.05104242442349498,0.4591209202320667,0.5984388590801942,0.63405024670449,0.6377377695790302,0.8703209523083003,0.8703209523083003,0.8703209523083003,0.879884620597814,0.8894962920590777,0.8998910323223999,0.8998910323223999,0.8998910323223999,0.8998910323223999,0.9602585252046428,0.9962487323276612,1.0028907041903246,1.0618330205424302,1.2647512514086552,1.3401858909955262,1.3428499859500482,1.365205120474515,1.4159953979603674,1.4932204047865854,1.5870741710920455,3.15398030221288,3.1819192236122853,3.517323647761459
BCBS | MEDICARE ADVANTAGE,-2.0422330637256776,-2.0422330637256776,-2.040614448648282,-1.6565701600625466,-1.5568210170302068,-1.5568210170302068,-1.5568210170302068,-1.55682098740234,-1.529538019385797,-1.5295380193857968,-1.5295380193857968,-1.5295380193857968,-1.5216569666184572,-1.4355069636668374,-1.3980325996150178,-1.325872917397838,-1.3176383976697825,-1.2830658784236488,-1.2830658784236488,-1.2830658784236488,-1.255153567429115,-1.2375781607325227,-1.0912122282018117,-1.088737440280252,-1.0681381917815602,-0.8419524671323916,-0.8077638133376206,-0.7631414861637803,-0.7605885111029308,-0.7605885111029308,-0.7605885111029308,-0.6859733918292605,-0.6302833428175549,-0.6175155004594428,-0.6116576247835475,-0.5413849322421821,-0.5220954190684164,-0.4443510102674361,-0.33497094922604204,-0.3306022547620957,-0.3198467431904616,-0.14640005946867565,-0.12371726743109755,-0.12371726743109755,-0.11143883933586829,-0.0935083585700663,-0.08238700533996995,-0.07437823322627014,-0.06668661949778432,-0.056388837304058886,-0.051042424423495034,0.0,0.4080784958085717,0.5473964346566991,0.5830078222809949,0.5866953451555351,0.8192785278848053,0.8192785278848053,0.8192785278848053,0.828842196174319,0.8384538676355826,0.8488486078989047,0.8488486078989047,0.8488486078989047,0.8488486078989047,0.9092161007811478,0.945206307904166,0.9518482797668295,1.0107905961189354,1.2137088269851601,1.2891434665720314,1.2918075615265532,1.31416269605102,1.3649529735368726,1.4421779803630903,1.5360317466685505,3.102937877789385,3.13087679918879,3.466281223337964
HUMANA | MEDICARE ADVANTAGE,-2.4503115595342497,-2.4503115595342497,-2.4486929444568535,-2.0646486558711183,-1.9648995128387785,-1.9648995128387785,-1.9648995128387785,-1.9648994832109117,-1.9376165151943687,-1.9376165151943685,-1.9376165151943685,-1.9376165151943685,-1.9297354624270289,-1.843585459475409,-1.8061110954235895,-1.7339514132064098,-1.7257168934783542,-1.6911443742322207,-1.6911443742322207,-1.6911443742322207,-1.663232063237687,-1.6456566565410944,-1.4992907240103837,-1.4968159360888238,-1.476216687590132,-1.2500309629409632,-1.2158423091461925,-1.171219981972352,-1.1686670069115026,-1.1686670069115026,-1.1686670069115026,-1.0940518876378322,-1.0383618386261269,-1.0255939962680145,-1.0197361205921194,-0.949463428050754,-0.9301739148769882,-0.8524295060760079,-0.7430494450346138,-0.7386807505706675,-0.7279252389990334,-0.5544785552772474,-0.5317957632396693,-0.5317957632396693,-0.51951733514444,-0.5015868543786379,-0.4904655011485417,-0.4824567290348418,-0.47476511530635596,-0.46446733311263066,-0.4591209202320667,-0.40807849580857175,0.0,0.1393179388481275,0.17492932647242324,0.17861684934696334,0.4112000320762335,0.4112000320762335,0.4112000320762335,0.4207637003657473,0.4303753718270109,0.44077011209033296,0.44077011209033296,0.44077011209033296,0.44077011209033296,0.5011376049725761,0.5371278120955943,0.5437697839582578,0.6027121003103635,0.8056303311765884,0.8810649707634596,0.8837290657179814,0.9060842002424483,0.9568744777283009,1.0340994845545186,1.1279532508599788,2.694859381980813,2.7227983033802183,3.0582027275293924
BCBS | HMO,-2.589629498382377,-2.589629498382377,-2.588010883304981,-2.203966594719246,-2.104217451686906,-2.104217451686906,-2.104217451686906,-2.104217422059039,-2.076934454042496,-2.076934454042496,-2.076934454042496,-2.076934454042496,-2.069053401275156,-1.9829033983235367,-1.9454290342717169,-1.8732693520545374,-1.8650348323264816,-1.8304623130803481,-1.8304623130803481,-1.8304623130803481,-1.802550002085814,-1.784974595389222,-1.638608662858511,-1.6361338749369512,-1.6155346264382593,-1.3893489017890908,-1.3551602479943199,-1.3105379208204795,-1.30798494575963,-1.30798494575963,-1.30798494575963,-1.2333698264859596,-1.1776797774742542,-1.164911935116142,-1.1590540594402468,-1.0887813668988813,-1.0694918537251157,-0.9917474449241352,-0.8823673838827412,-0.877998689418795,-0.8672431778471609,-0.6937964941253748,-0.6711137020877969,-0.6711137020877969,-0.6588352739925674,-0.6409047932267654,-0.6297834399966691,-0.6217746678829693,-0.6140830541544834,-0.6037852719607579,-0.5984388590801941,-0.5473964346566992,-0.1393179388481274,0.0,0.03561138762429578,0.03929891049883587,0.271882093228106,0.271882093228106,0.271882093228106,0.2814457615176199,0.2910574329788834,0.3014521732422055,0.3014521732422055,0.3014521732422055,0.3014521732422055,0.3618196661244486,0.39780987324746686,0.40445184511013044,0.4633941614622361,0.6663123923284611,0.741747031915332,0.744411126869854,0.7667662613943208,0.8175565388801733,0.8947815457063912,0.9886353120118514,2.5555414431326855,2.583480364532091,2.918884788681265
CIGNA | EXCHANGE,-2.6252408860066727,-2.6252408860066727,-2.6236222709292765,-2.2395779823435418,-2.1398288393112015,-2.1398288393112015,-2.1398288393112015,-2.1398288096833347,-2.112545841666792,-2.1125458416667917,-2.1125458416667917,-2.1125458416667917,-2.104664788899452,-2.0185147859478323,-1.9810404218960127,-1.9088807396788332,-1.9006462199507774,-1.8660737007046437,-1.8660737007046437,-1.8660737007046437,-1.83816138971011,-1.8205859830135178,-1.6742200504828066,-1.671745262561247,-1.6511460140625551,-1.4249602894133864,-1.3907716356186155,-1.3461493084447753,-1.3435963333839258,-1.3435963333839258,-1.3435963333839258,-1.2689812141102554,-1.2132911650985498,-1.2005233227404377,-1.1946654470645426,-1.124392754523177,-1.1051032413494113,-1.027358832548431,-0.9179787715070369,-0.9136100770430907,-0.9028545654714566,-0.7294078817496706,-0.7067250897120926,-0.7067250897120926,-0.6944466616168631,-0.6765161808510611,-0.6653948276209648,-0.6573860555072651,-0.6496944417787791,-0.6393966595850538,-0.63405024670449,-0.583007822280995,-0.17492932647242315,-0.03561138762429583,0.0,0.0036875228745401212,0.23627070560381042,0.23627070560381042,0.23627070560381042,0.24583437389332413,0.2554460453545876,0.26584078561790986,0.26584078561790986,0.26584078561790986,0.26584078561790986,0.3262082785001529,0.36219848562317114,0.3688404574858346,0.42778277383794044,0.6307010047041653,0.7061356442910363,0.7087997392455582,0.7311548737700251,0.7819451512558777,0.8591701580820953,0.9530239243875556,2.51993005550839,2.5478689769077953,2.883273401056969
MEDCOST | COMMERCIAL,-2.628928408881213,-2.628928408881213,-2.627309793803817,-2.2432655052180817,-2.143516362185742,-2.143516362185742,-2.143516362185742,-2.143516332557875,-2.116233364541332,-2.116233364541332,-2.116233364541332,-2.116233364541332,-2.1083523117739924,-2.0222023088223726,-1.9847279447705528,-1.9125682625533733,-1.9043337428253178,-1.869761223579184,-1.869761223579184,-1.869761223579184,-1.8418489125846502,-1.8242735058880577,-1.677907573357347,-1.6754327854357873,-1.6548335369370952,-1.4286478122879267,-1.3944591584931556,-1.3498368313193156,-1.347283856258466,-1.347283856258466,-1.347283856258466,-1.2726687369847955,-1.2169786879730902,-1.204210845614978,-1.1983529699390825,-1.1280802773977172,-1.1087907642239514,-1.0310463554229712,-0.9216662943815771,-0.9172975999176308,-0.9065420883459968,-0.7330954046242107,-0.7104126125866327,-0.7104126125866327,-0.6981341844914033,-0.6802037037256015,-0.6690823504955051,-0.6610735783818052,-0.6533819646533193,-0.6430841824595941,-0.6377377695790302,-0.586695345155535,-0.17861684934696337,-0.039298910498835965,-0.0036875228745401967,0.0,0.23258318272927014,0.23258318272927014,0.23258318272927014,0.24214685101878394,0.25175852248004743,0.26215326274336964,0.26215326274336964,0.26215326274336964,0.26215326274336964,0.3225207556256127,0.35851096274863103,0.3651529346112945,0.42409525096340017,0.6270134818296251,0.7024481214164962,0.7051122163710181,0.7274673508954848,0.7782576283813375,0.8554826352075553,0.9493364015130153,2.5162425326338496,2.544181454033255,2.879585878182429
TROY MEDICARE | MEDICARE ADVANTAGE HMO,-2.861511591610483,-2.861511591610483,-2.8598929765330867,-2.475848687947352,-2.3760995449150117,-2.3760995449150117,-2.3760995449150117,-2.3760995152871454,-2.3488165472706024,-2.348816547270602,-2.348816547270602,-2.348816547270602,-2.3409354945032623,-2.2547854915516425,-2.217311127499823,-2.1451514452826435,-2.136916925554588,-2.102344406308454,-2.102344406308454,-2.102344406308454,-2.07443209531392,-2.056856688617328,-1.9104907560866171,-1.9080159681650575,-1.8874167196663656,-1.6612309950171966,-1.6270423412224257,-1.5824200140485856,-1.579867038987736,-1.579867038987736,-1.579867038987736,-1.5052519197140657,-1.4495618707023603,-1.4367940283442482,-1.4309361526683528,-1.3606634601269876,-1.3413739469532218,-1.2636295381522413,-1.1542494771108474,-1.149880782646901,-1.1391252710752668,-0.9656785873534809,-0.9429957953159029,-0.9429957953159029,-0.9307173672206734,-0.9127868864548716,-0.9016655332247752,-0.8936567611110754,-0.8859651473825896,-0.8756673651888641,-0.8703209523083002,-0.8192785278848053,-0.41120003207623357,-0.27188209322810614,-0.23627070560381028,-0.23258318272927014,0.0,0.0,0.0,0.009563668289513801,0.019175339750777263,0.02957008001409943,0.02957008001409943,0.02957008001409943,0.02957008001409943,0.08993757289634256,0.1259277800193608,0.13256975188202427,0.19151206823413006,0.394430299100355,0.46986493868722595,0.4725290336417479,0.4948841681662148,0.5456744456520672,0.6228994524782852,0.7167532187837453,2.2836593499045796,2.3115982713039847,2.6470026954531587
APEXHEALTH MEDICARE ADVANTAGE | MEDICARE ADVANTAGE HMO,-2.861511591610483,-2.861511591610483,-2.8598929765330867,-2.475848687947352,-2.3760995449150117,-2.3760995449150117,-2.3760995449150117,-2.3760995152871454,-2.3488165472706024,-2.348816547270602,-2.348816547270602,-2.348816547270602,-2.3409354945032623,-2.2547854915516425,-2.217311127499823,-2.1451514452826435,-2.136916925554588,-2.102344406308454,-2.102344406308454,-2.102344406308454,-2.07443209531392,-2.056856688617328,-1.9104907560866171,-1.9080159681650575,-1.8874167196663656,-1.6612309950171966,-1.6270423412224257,-1.5824200140485856,-1.579867038987736,-1.579867038987736,-1.579867038987736,-1.5052519197140657,-1.4495618707023603,-1.4367940283442482,-1.4309361526683528,-1.3606634601269876,-1.3413739469532218,-1.2636295381522413,-1.1542494771108474,-1.149880782646901,-1.1391252710752668,-0.9656785873534809,-0.9429957953159029,-0.9429957953159029,-0.9307173672206734,-0.9127868864548716,-0.9016655332247752,-0.8936567611110754,-0.8859651473825896,-0.8756673651888641,-0.8703209523083002,-0.8192785278848053,-0.41120003207623357,-0.27188209322810614,-0.23627070560381028,-0.23258318272927014,0.0,0.0,0.0,0.009563668289513801,0.019175339750777263,0.02957008001409943,0.02957008001409943,0.02957008001409943,0.02957008001409943,0.08993757289634256,0.1259277800193608,0.13256975188202427,0.19151206823413006,0.394430299100355,0.46986493868722595,0.4725290336417479,0.4948841681662148,0.5456744456520672,0.6228994524782852,0.7167532187837453,2.2836593499045796,2.3115982713039847,2.6470026954531587
LONGEVITY HEALTH PLAN | MEDICARE,-2.861511591610483,-2.861511591610483,-2.8598929765330867,-2.475848687947352,-2.3760995449150117,-2.3760995449150117,-2.3760995449150117,-2.3760995152871454,-2.3488165472706024,-2.348816547270602,-2.348816547270602,-2.348816547270602,-2.3409354945032623,-2.2547854915516425,-2.217311127499823,-2.1451514452826435,-2.136916925554588,-2.102344406308454,-2.102344406308454,-2.102344406308454,-2.07443209531392,-2.056856688617328,-1.9104907560866171,-1.9080159681650575,-1.8874167196663656,-1.6612309950171966,-1.6270423412224257,-1.5824200140485856,-1.579867038987736,-1.579867038987736,-1.579867038987736,-1.5052519197140657,-1.4495618707023603,-1.4367940283442482,-1.4309361526683528,-1.3606634601269876,-1.3413739469532218,-1.2636295381522413,-1.1542494771108474,-1.149880782646901,-1.1391252710752668,-0.9656785873534809,-0.9429957953159029,-0.9429957953159029,-0.9307173672206734,-0.9127868864548716,-0.9016655332247752,-0.8936567611110754,-0.8859651473825896,-0.8756673651888641,-0.8703209523083002,-0.8192785278848053,-0.41120003207623357,-0.27188209322810614,-0.23627070560381028,-0.23258318272927014,0.0,0.0,0.0,0.009563668289513801,0.019175339750777263,0.02957008001409943,0.02957008001409943,0.02957008001409943,0.02957008001409943,0.08993757289634256,0.1259277800193608,0.13256975188202427,0.19151206823413006,0.394430299100355,0.46986493868722595,0.4725290336417479,0.4948841681662148,0.5456744456520672,0.6228994524782852,0.7167532187837453,2.2836593499045796,2.3115982713039847,2.6470026954531587
ALIGNMENT HEALTH | MEDICARE,-2.871075259899997,-2.871075259899997,-2.8694566448226007,-2.485412356236866,-2.3856632132045257,-2.3856632132045257,-2.3856632132045257,-2.385663183576659,-2.358380215560116,-2.358380215560116,-2.358380215560116,-2.358380215560116,-2.3504991627927763,-2.2643491598411565,-2.2268747957893367,-2.154715113572157,-2.1464805938441014,-2.111908074597968,-2.111908074597968,-2.111908074597968,-2.083995763603434,-2.066420356906842,-1.9200544243761308,-1.9175796364545712,-1.896980387955879,-1.6707946633067106,-1.6366060095119397,-1.5919836823380995,-1.58943070727725,-1.58943070727725,-1.58943070727725,-1.5148155880035794,-1.459125538991874,-1.446357696633762,-1.4404998209578666,-1.3702271284165013,-1.3509376152427355,-1.273193206441755,-1.163813145400361,-1.1594444509364148,-1.1486889393647808,-0.9752422556429946,-0.9525594636054167,-0.9525594636054167,-0.9402810355101872,-0.9223505547443853,-0.911229201514289,-0.9032204294005892,-0.8955288156721034,-0.885231033478378,-0.8798846205978141,-0.828842196174319,-0.42076370036574723,-0.2814457615176198,-0.24583437389332402,-0.24214685101878394,-0.009563668289513813,-0.009563668289513813,-0.009563668289513813,0.0,0.009611671461263556,0.020006411724585713,0.020006411724585713,0.020006411724585713,0.020006411724585713,0.08037390460682887,0.11636411172984695,0.12300608359251058,0.18194839994461626,0.38486663081084127,0.46030127039771224,0.46296536535223415,0.4853204998767009,0.5361107773625535,0.6133357841887713,0.7071895504942315,2.2740956816150657,2.302034603014471,2.637439027163645
HUMANA | MEDICARE ADVANTAGE HMO,-2.8806869313612604,-2.8806869313612604,-2.879068316283864,-2.4950240276981295,-2.395274884665789,-2.395274884665789,-2.395274884665789,-2.3952748550379224,-2.3679918870213794,-2.3679918870213794,-2.3679918870213794,-2.3679918870213794,-2.36011083425404,-2.27396083130242,-2.2364864672506,-2.1643267850334205,-2.156092265305365,-2.1215197460592314,-2.1215197460592314,-2.1215197460592314,-2.0936074350646976,-2.0760320283681053,-1.9296660958373946,-1.9271913079158347,-1.9065920594171426,-1.680406334767974,-1.6462176809732032,-1.6015953537993628,-1.5990423787385135,-1.5990423787385135,-1.5990423787385135,-1.5244272594648431,-1.4687372104531375,-1.4559693680950254,-1.45011149241913,-1.3798387998777648,-1.360549286703999,-1.2828048779030188,-1.1734248168616246,-1.1690561223976783,-1.1583006108260443,-0.9848539271042583,-0.9621711350666802,-0.9621711350666802,-0.9498927069714508,-0.9319622262056488,-0.9208408729755525,-0.9128321008618526,-0.9051404871333668,-0.8948427049396415,-0.8894962920590775,-0.8384538676355826,-0.43037537182701074,-0.2910574329788835,-0.25544604535458765,-0.25175852248004754,-0.019175339750777343,-0.019175339750777343,-0.019175339750777343,-0.009611671461263575,0.0,0.010394740263322126,0.010394740263322126,0.010394740263322126,0.010394740263322126,0.07076223314556515,0.10675244026858345,0.11339441213124704,0.17233672848335269,0.3752549593495777,0.4506895989364487,0.45335369389097063,0.47570882841543743,0.5264991059012899,0.6037241127275077,0.6975778790329679,2.264484010153802,2.2924229315532076,2.6278273557023812
UNITEDHEALTHCARE | MEDICARE ADVANTAGE HMO,-2.8910816716245824,-2.8910816716245824,-2.889463056547186,-2.5054187679614515,-2.4056696249291116,-2.4056696249291116,-2.4056696249291116,-2.405669595301245,-2.378386627284702,-2.3783866272847014,-2.3783866272847014,-2.3783866272847014,-2.3705055745173618,-2.2843555715657424,-2.2468812075139226,-2.174721525296743,-2.1664870055686873,-2.131914486322554,-2.131914486322554,-2.131914486322554,-2.1040021753280196,-2.0864267686314273,-1.9400608361007166,-1.937586048179157,-1.9169867996804648,-1.6908010750312963,-1.6566124212365254,-1.611990094062685,-1.6094371190018355,-1.6094371190018355,-1.6094371190018355,-1.5348219997281651,-1.4791319507164598,-1.4663641083583476,-1.4605062326824523,-1.390233540141087,-1.3709440269673212,-1.2931996181663408,-1.1838195571249468,-1.1794508626610005,-1.1686953510893663,-0.9952486673675804,-0.9725658753300024,-0.9725658753300024,-0.960287447234773,-0.942356966468971,-0.9312356132388747,-0.9232268411251748,-0.9155352273966889,-0.9052374452029636,-0.8998910323223998,-0.8488486078989047,-0.44077011209033307,-0.30145217324220563,-0.26584078561790975,-0.2621532627433696,-0.029570080014099442,-0.029570080014099442,-0.029570080014099442,-0.020006411724585674,-0.010394740263322202,0.0,0.0,0.0,0.0,0.06036749288224302,0.09635770000526138,0.1029996718679248,0.16194198822003053,0.3648602190862555,0.44029485867312645,0.4429589536276484,0.4653140881521153,0.5161043656379678,0.5933293724641856,0.6871831387696457,2.25408926989048,2.282028191289885,2.6174326154390593
WELLCARE | MEDICARE ADVANTAGE HMO,-2.8910816716245824,-2.8910816716245824,-2.889463056547186,-2.5054187679614515,-2.4056696249291116,-2.4056696249291116,-2.4056696249291116,-2.405669595301245,-2.378386627284702,-2.3783866272847014,-2.3783866272847014,-2.3783866272847014,-2.3705055745173618,-2.2843555715657424,-2.2468812075139226,-2.174721525296743,-2.1664870055686873,-2.131914486322554,-2.131914486322554,-2.131914486322554,-2.1040021753280196,-2.0864267686314273,-1.9400608361007166,-1.937586048179157,-1.9169867996804648,-1.6908010750312963,-1.6566124212365254,-1.611990094062685,-1.6094371190018355,-1.6094371190018355,-1.6094371190018355,-1.5348219997281651,-1.4791319507164598,-1.4663641083583476,-1.4605062326824523,-1.390233540141087,-1.3709440269673212,-1.2931996181663408,-1.1838195571249468,-1.1794508626610005,-1.1686953510893663,-0.9952486673675804,-0.9725658753300024,-0.9725658753300024,-0.960287447234773,-0.942356966468971,-0.9312356132388747,-0.9232268411251748,-0.9155352273966889,-0.9052374452029636,-0.8998910323223998,-0.8488486078989047,-0.44077011209033307,-0.30145217324220563,-0.26584078561790975,-0.2621532627433696,-0.029570080014099442,-0.029570080014099442,-0.029570080014099442,-0.020006411724585674,-0.010394740263322202,0.0,0.0,0.0,0.0,0.06036749288224302,0.09635770000526138,0.1029996718679248,0.16194198822003053,0.3648602190862555,0.44029485867312645,0.4429589536276484,0.4653140881521153,0.5161043656379678,0.5933293724641856,0.6871831387696457,2.25408926989048,2.282028191289885,2.6174326154390593
BCBS NC | MEDICARE,-2.8910816716245824,-2.8910816716245824,-2.889463056547186,-2.5054187679614515,-2.4056696249291116,-2.4056696249291116,-2.4056696249291116,-2.405669595301245,-2.378386627284702,-2.3783866272847014,-2.3783866272847014,-2.3783866272847014,-2.3705055745173618,-2.2843555715657424,-2.2468812075139226,-2.174721525296743,-2.1664870055686873,-2.131914486322554,-2.131914486322554,-2.131914486322554,-2.1040021753280196,-2.0864267686314273,-1.9400608361007166,-1.937586048179157,-1.9169867996804648,-1.6908010750312963,-1.6566124212365254,-1.611990094062685,-1.6094371190018355,-1.6094371190018355,-1.6094371190018355,-1.5348219997281651,-1.4791319507164598,-1.4663641083583476,-1.4605062326824523,-1.390233540141087,-1.3709440269673212,-1.2931996181663408,-1.1838195571249468,-1.1794508626610005,-1.1686953510893663,-0.9952486673675804,-0.9725658753300024,-0.9725658753300024,-0.960287447234773,-0.942356966468971,-0.9312356132388747,-0.9232268411251748,-0.9155352273966889,-0.9052374452029636,-0.8998910323223998,-0.8488486078989047,-0.44077011209033307,-0.30145217324220563,-0.26584078561790975,-0.2621532627433696,-0.029570080014099442,-0.029570080014099442,-0.029570080014099442,-0.020006411724585674,-0.010394740263322202,0.0,0.0,0.0,0.0,0.06036749288224302,0.09635770000526138,0.1029996718679248,0.16194198822003053,0.3648602190862555,0.44029485867312645,0.4429589536276484,0.4653140881521153,0.5161043656379678,0.5933293724641856,0.6871831387696457,2.25408926989048,2.282028191289885,2.6174326154390593
AETNA | MEDICARE,-2.8910816716245824,-2.8910816716245824,-2.889463056547186,-2.5054187679614515,-2.4056696249291116,-2.4056696249291116,-2.4056696249291116,-2.405669595301245,-2.378386627284702,-2.3783866272847014,-2.3783866272847014,-2.3783866272847014,-2.3705055745173618,-2.2843555715657424,-2.2468812075139226,-2.174721525296743,-2.1664870055686873,-2.131914486322554,-2.131914486322554,-2.131914486322554,-2.1040021753280196,-2.0864267686314273,-1.9400608361007166,-1.937586048179157,-1.9169867996804648,-1.6908010750312963,-1.6566124212365254,-1.611990094062685,-1.6094371190018355,-1.6094371190018355,-1.6094371190018355,-1.5348219997281651,-1.4791319507164598,-1.4663641083583476,-1.4605062326824523,-1.390233540141087,-1.3709440269673212,-1.2931996181663408,-1.1838195571249468,-1.1794508626610005,-1.1686953510893663,-0.9952486673675804,-0.9725658753300024,-0.9725658753300024,-0.960287447234773,-0.942356966468971,-0.9312356132388747,-0.9232268411251748,-0.9155352273966889,-0.9052374452029636,-0.8998910323223998,-0.8488486078989047,-0.44077011209033307,-0.30145217324220563,-0.26584078561790975,-0.2621532627433696,-0.029570080014099442,-0.029570080014099442,-0.029570080014099442,-0.020006411724585674,-0.010394740263322202,0.0,0.0,0.0,0.0,0.06036749288224302,0.09635770000526138,0.1029996718679248,0.16194198822003053,0.3648602190862555,0.44029485867312645,0.4429589536276484,0.4653140881521153,0.5161043656379678,0.5933293724641856,0.6871831387696457,2.25408926989048,2.282028191289885,2.6174326154390593
BCBS | EMPLOYEE PLAN,-2.9514491645068257,-2.9514491645068257,-2.9498305494294295,-2.5657862608436948,-2.4660371178113545,-2.4660371178113545,-2.4660371178113545,-2.4660370881834877,-2.4387541201669447,-2.4387541201669447,-2.4387541201669447,-2.4387541201669447,-2.430873067399605,-2.3447230644479853,-2.3072487003961655,-2.2350890181789858,-2.22685449845093,-2.1922819792047967,-2.1922819792047967,-2.1922819792047967,-2.164369668210263,-2.1467942615136706,-2.0004283289829594,-1.9979535410614,-1.9773542925627081,-1.7511685679135394,-1.7169799141187685,-1.672357586944928,-1.6698046118840786,-1.6698046118840786,-1.6698046118840786,-1.5951894926104082,-1.5394994435987028,-1.5267316012405907,-1.5208737255646954,-1.4506010330233299,-1.4313115198495643,-1.353567111048584,-1.2441870500071897,-1.2398183555432436,-1.2290628439716094,-1.0556161602498235,-1.0329333682122455,-1.0329333682122455,-1.020654940117016,-1.0027244593512141,-0.9916031061211178,-0.9835943340074179,-0.975902720278932,-0.9656049380852066,-0.9602585252046428,-0.9092161007811479,-0.5011376049725761,-0.3618196661244487,-0.3262082785001529,-0.3225207556256127,-0.08993757289634251,-0.08993757289634251,-0.08993757289634251,-0.08037390460682875,-0.07076223314556528,-0.06036749288224305,-0.06036749288224305,-0.06036749288224305,-0.06036749288224305,0.0,0.035990207123018175,0.04263217898568171,0.10157449533778741,0.30449272620401235,0.37992736579088343,0.3825914607454054,0.4049465952698721,0.4557368727557248,0.5329618795819426,0.6268156458874027,2.193721777008237,2.2216606984076424,2.557065122556816
CLOVER HEALTH | MEDICARE ADVANTAGE,-2.987439371629844,-2.987439371629844,-2.9858207565524477,-2.601776467966713,-2.5020273249343727,-2.5020273249343727,-2.5020273249343727,-2.502027295306506,-2.474744327289963,-2.474744327289963,-2.474744327289963,-2.474744327289963,-2.4668632745226233,-2.3807132715710035,-2.3432389075191837,-2.271079225302004,-2.2628447055739485,-2.228272186327815,-2.228272186327815,-2.228272186327815,-2.200359875333281,-2.182784468636689,-2.036418536105978,-2.0339437481844183,-2.013344499685726,-1.7871587750365576,-1.7529701212417867,-1.7083477940679463,-1.7057948190070968,-1.7057948190070968,-1.7057948190070968,-1.6311796997334267,-1.575489650721721,-1.562721808363609,-1.5568639326877136,-1.4865912401463484,-1.4673017269725825,-1.389557318171602,-1.2801772571302081,-1.2758085626662619,-1.2650530510946276,-1.0916063673728418,-1.0689235753352637,-1.0689235753352637,-1.0566451472400344,-1.0387146664742324,-1.0275933132441362,-1.0195845411304363,-1.0118929274019504,-1.0015951452082248,-0.9962487323276611,-0.945206307904166,-0.5371278120955943,-0.39780987324746697,-0.36219848562317103,-0.358510962748631,-0.12592778001936075,-0.12592778001936075,-0.12592778001936075,-0.11636411172984704,-0.10675244026858353,-0.09635770000526132,-0.09635770000526132,-0.09635770000526132,-0.09635770000526132,-0.03599020712301819,0.0,0.006641971862663383,0.06558428821476922,0.26850251908099415,0.34393715866786523,0.3466012536223872,0.36895638814685394,0.4197466656327064,0.4969716724589243,0.5908254387643844,2.1577315698852186,2.185670491284624,2.5210749154337977
MOLINA HEALTHCARE | MEDICARE ADVANTAGE,-2.9940813434925073,-2.9940813434925073,-2.992462728415111,-2.6084184398293764,-2.508669296797036,-2.508669296797036,-2.508669296797036,-2.5086692671691693,-2.4813862991526263,-2.4813862991526263,-2.4813862991526263,-2.4813862991526263,-2.4735052463852867,-2.387355243433667,-2.349880879381847,-2.277721197164668,-2.2694866774366123,-2.2349141581904783,-2.2349141581904783,-2.2349141581904783,-2.2070018471959445,-2.189426440499352,-2.0430605079686415,-2.0405857200470816,-2.0199864715483895,-1.793800746899221,-1.75961209310445,-1.71498976593061,-1.7124367908697604,-1.7124367908697604,-1.7124367908697604,-1.63782167159609,-1.5821316225843844,-1.5693637802262723,-1.563505904550377,-1.4932332120090117,-1.473943698835246,-1.3961992900342657,-1.2868192289928715,-1.2824505345289254,-1.271695022957291,-1.0982483392355054,-1.075565547197927,-1.075565547197927,-1.0632871191026978,-1.0453566383368957,-1.0342352851067995,-1.0262265129930996,-1.018534899264614,-1.0082371170708884,-1.0028907041903246,-0.9518482797668295,-0.5437697839582577,-0.4044518451101304,-0.3688404574858345,-0.3651529346112945,-0.13256975188202424,-0.13256975188202424,-0.13256975188202424,-0.12300608359251052,-0.1133944121312469,-0.10299967186792476,-0.10299967186792476,-0.10299967186792476,-0.10299967186792476,-0.04263217898568168,-0.00664197186266345,0.0,0.05894231635210575,0.2618605472183308,0.3372951868052017,0.3399592817597237,0.3623144162841905,0.41310469377004305,0.49032970059626085,0.584183466901721,2.1510895980225553,2.1790285194219607,2.5144329435711343
OPTUM HEALTH CARE SOLUTIONS | MEDICARE ADVANTAGE,-3.053023659844613,-3.053023659844613,-3.051405044767217,-2.6673607561814823,-2.567611613149142,-2.567611613149142,-2.567611613149142,-2.567611583521275,-2.540328615504732,-2.540328615504732,-2.540328615504732,-2.540328615504732,-2.5324475627373926,-2.446297559785773,-2.408823195733953,-2.3366635135167733,-2.3284289937887177,-2.2938564745425842,-2.2938564745425842,-2.2938564745425842,-2.2659441635480504,-2.248368756851458,-2.1020028243207474,-2.0995280363991875,-2.0789287879004954,-1.8527430632513266,-1.8185544094565558,-1.7739320822827156,-1.7713791072218663,-1.7713791072218663,-1.7713791072218663,-1.6967639879481957,-1.6410739389364903,-1.6283060965783782,-1.6224482209024829,-1.5521755283611174,-1.5328860151873518,-1.4551416063863714,-1.3457615453449774,-1.341392850881031,-1.3306373393093969,-1.157190655587611,-1.134507863550033,-1.134507863550033,-1.1222294354548035,-1.1042989546890014,-1.0931776014589052,-1.0851688293452055,-1.0774772156167196,-1.0671794334229943,-1.0618330205424305,-1.0107905961189352,-0.6027121003103636,-0.46339416146223605,-0.42778277383794044,-0.4240952509634003,-0.19151206823413008,-0.19151206823413008,-0.19151206823413008,-0.18194839994461634,-0.17233672848335274,-0.1619419882200306,-0.1619419882200306,-0.1619419882200306,-0.1619419882200306,-0.10157449533778753,-0.06558428821476919,-0.05894231635210581,0.0,0.20291823086622485,0.27835287045309587,0.28101696540761795,0.30337209993208464,0.3541623774179372,0.431387384244155,0.5252411505496152,2.0921472816704494,2.120086203069855,2.4554906272190284
ABSOLUTE TOTAL CARE | EXCHANGE,-3.255941890710838,-3.255941890710838,-3.2543232756334417,-2.870278987047707,-2.7705298440153667,-2.7705298440153667,-2.7705298440153667,-2.7705298143875003,-2.7432468463709574,-2.743246846370957,-2.743246846370957,-2.743246846370957,-2.7353657936036173,-2.6492157906519975,-2.611741426600178,-2.5395817443829984,-2.531347224654943,-2.496774705408809,-2.496774705408809,-2.496774705408809,-2.468862394414275,-2.451286987717683,-2.304921055186972,-2.3024462672654122,-2.2818470187667206,-2.055661294117552,-2.0214726403227807,-1.9768503131489406,-1.974297338088091,-1.974297338088091,-1.974297338088091,-1.8996822188144207,-1.8439921698027153,-1.8312243274446032,-1.8253664517687078,-1.7550937592273423,-1.7358042460535767,-1.6580598372525963,-1.5486797762112021,-1.544311081747256,-1.5335555701756218,-1.360108886453836,-1.337426094416258,-1.337426094416258,-1.3251476663210284,-1.3072171855552264,-1.2960958323251301,-1.2880870602114303,-1.2803954464829446,-1.270097664289219,-1.2647512514086554,-1.2137088269851604,-0.8056303311765884,-0.666312392328461,-0.6307010047041652,-0.6270134818296251,-0.39443029910035493,-0.39443029910035493,-0.39443029910035493,-0.3848666308108412,-0.37525495934957764,-0.36486021908625543,-0.36486021908625543,-0.36486021908625543,-0.36486021908625543,-0.30449272620401235,-0.26850251908099415,-0.2618605472183307,-0.20291823086622496,0.0,0.07543463958687109,0.07809873454139299,0.10045386906585975,0.1512441465517123,0.22846915337793014,0.32232291968339033,1.8892290508042244,1.9171679722036299,2.2525723963528037
MOLINA HEALTHCARE | EXCHANGE,-3.331376530297709,-3.331376530297709,-3.3297579152203127,-2.945713626634578,-2.8459644836022377,-2.8459644836022377,-2.8459644836022377,-2.845964453974371,-2.8186814859578284,-2.818681485957828,-2.818681485957828,-2.818681485957828,-2.8108004331904883,-2.7246504302388685,-2.6871760661870487,-2.6150163839698695,-2.606781864241814,-2.57220934499568,-2.57220934499568,-2.57220934499568,-2.544297034001146,-2.526721627304554,-2.380355694773843,-2.3778809068522833,-2.3572816583535916,-2.131095933704423,-2.0969072799096518,-2.052284952735812,-2.0497319776749623,-2.0497319776749623,-2.0497319776749623,-1.9751168584012917,-1.919426809389586,-1.9066589670314742,-1.9008010913555788,-1.8305283988142134,-1.8112388856404478,-1.7334944768394673,-1.6241144157980731,-1.619745721334127,-1.6089902097624929,-1.435543526040707,-1.412860734003129,-1.412860734003129,-1.4005823059078994,-1.3826518251420976,-1.3715304719120012,-1.3635216997983013,-1.3558300860698154,-1.34553230387609,-1.3401858909955262,-1.2891434665720314,-0.8810649707634595,-0.7417470319153321,-0.7061356442910363,-0.7024481214164962,-0.469864938687226,-0.469864938687226,-0.469864938687226,-0.4603012703977121,-0.4506895989364486,-0.4402948586731265,-0.4402948586731265,-0.4402948586731265,-0.4402948586731265,-0.37992736579088343,-0.3439371586678652,-0.33729518680520176,-0.278352870453096,-0.075434639586871,0.0,0.0026640949545220266,0.025019229478988717,0.07580950696484122,0.15303451379105912,0.2468882800965193,1.8137944112173536,1.8417333326167589,2.1771377567659327
BCBS | EXCHANGE,-3.334040625252231,-3.334040625252231,-3.332422010174835,-2.9483777215891,-2.84862857855676,-2.84862857855676,-2.84862857855676,-2.848628548928893,-2.82134558091235,-2.82134558091235,-2.82134558091235,-2.82134558091235,-2.81346452814501,-2.727314525193391,-2.689840161141571,-2.6176804789243913,-2.6094459591963357,-2.5748734399502022,-2.5748734399502022,-2.5748734399502022,-2.546961128955668,-2.529385722259076,-2.383019789728365,-2.3805450018068055,-2.3599457533081134,-2.1337600286589447,-2.099571374864174,-2.0549490476903336,-2.052396072629484,-2.052396072629484,-2.052396072629484,-1.9777809533558137,-1.9220909043441081,-1.9093230619859962,-1.9034651863101009,-1.8331924937687354,-1.8139029805949698,-1.7361585717939894,-1.6267785107525952,-1.622409816288649,-1.6116543047170149,-1.4382076209952288,-1.4155248289576507,-1.4155248289576507,-1.4032464008624215,-1.3853159200966196,-1.3741945668665232,-1.3661857947528233,-1.3584941810243374,-1.348196398830612,-1.3428499859500482,-1.2918075615265532,-0.8837290657179815,-0.744411126869854,-0.7087997392455583,-0.7051122163710181,-0.47252903364174803,-0.47252903364174803,-0.47252903364174803,-0.46296536535223415,-0.4533536938909707,-0.4429589536276484,-0.4429589536276484,-0.4429589536276484,-0.4429589536276484,-0.3825914607454054,-0.3466012536223872,-0.33995928175972373,-0.28101696540761795,-0.07809873454139293,-0.002664094954522018,0.0,0.022355134524466722,0.07314541201031927,0.15037041883653707,0.24422418514199726,1.8111303162628316,1.8390692376622368,2.174473661811411
BCBS | MEDICAID MANAGED CARE,-3.356395759776698,-3.356395759776698,-3.3547771446993013,-2.9707328561135666,-2.870983713081227,-2.870983713081227,-2.870983713081227,-2.87098368345336,-2.843700715436817,-2.8437007154368166,-2.8437007154368166,-2.8437007154368166,-2.835819662669477,-2.7496696597178576,-2.712195295666038,-2.640035613448858,-2.6318010937208025,-2.597228574474669,-2.597228574474669,-2.597228574474669,-2.569316263480135,-2.551740856783543,-2.4053749242528317,-2.4029001363312723,-2.38230088783258,-2.1561151631834115,-2.1219265093886404,-2.0773041822148004,-2.074751207153951,-2.074751207153951,-2.074751207153951,-2.0001360878802807,-1.9444460388685751,-1.931678196510463,-1.9258203208345674,-1.8555476282932022,-1.8362581151194364,-1.7585137063184562,-1.649133645277062,-1.6447649508131157,-1.6340094392414817,-1.4605627555196956,-1.4378799634821176,-1.4378799634821176,-1.425601535386888,-1.4076710546210862,-1.39654970139099,-1.3885409292772901,-1.3808493155488042,-1.3705515333550788,-1.365205120474515,-1.31416269605102,-0.9060842002424482,-0.7667662613943209,-0.7311548737700251,-0.7274673508954849,-0.4948841681662147,-0.4948841681662147,-0.4948841681662147,-0.48532049987670095,-0.47570882841543743,-0.46531408815211517,-0.46531408815211517,-0.46531408815211517,-0.46531408815211517,-0.4049465952698721,-0.36895638814685394,-0.3623144162841904,-0.3033720999320847,-0.10045386906585975,-0.025019229478988766,-0.02235513452446672,0.0,0.050790277485852554,0.1280152843120704,0.22186905061753057,1.7887751817383648,1.81671410313777,2.152118527286944
MOLINA HEALTHCARE | DUAL-ELIGIBLE MANAGED CARE,-3.40718603726255,-3.40718603726255,-3.405567422185154,-3.0215231335994193,-2.921773990567079,-2.921773990567079,-2.921773990567079,-2.9217739609392126,-2.8944909929226696,-2.894490992922669,-2.894490992922669,-2.894490992922669,-2.8866099401553296,-2.80045993720371,-2.7629855731518904,-2.6908258909347107,-2.682591371206655,-2.6480188519605212,-2.6480188519605212,-2.6480188519605212,-2.6201065409659874,-2.602531134269395,-2.4561652017386844,-2.4536904138171245,-2.433091165318433,-2.206905440669264,-2.172716786874493,-2.128094459700653,-2.1255414846398035,-2.1255414846398035,-2.1255414846398035,-2.050926365366133,-1.9952363163544276,-1.9824684739963154,-1.97661059832042,-1.9063379057790546,-1.887048392605289,-1.8093039838043086,-1.6999239227629144,-1.6955552282989683,-1.6847997167273343,-1.5113530330055482,-1.4886702409679702,-1.4886702409679702,-1.4763918128727407,-1.4584613321069388,-1.4473399788768426,-1.4393312067631427,-1.4316395930346568,-1.4213418108409313,-1.4159953979603674,-1.3649529735368724,-0.9568744777283008,-0.8175565388801734,-0.7819451512558776,-0.7782576283813374,-0.5456744456520672,-0.5456744456520672,-0.5456744456520672,-0.5361107773625535,-0.5264991059012899,-0.5161043656379677,-0.5161043656379677,-0.5161043656379677,-0.5161043656379677,-0.4557368727557248,-0.4197466656327065,-0.41310469377004294,-0.3541623774179373,-0.15124414655171226,-0.07580950696484126,-0.07314541201031931,-0.050790277485852596,0.0,0.07722500682621783,0.17107877313167802,1.7379849042525122,1.7659238256519174,2.1013282498010915
MOLINA HEALTHCARE | MEDICAID MANAGED CARE,-3.4844110440887683,-3.4844110440887683,-3.482792429011372,-3.0987481404256374,-2.998998997393297,-2.998998997393297,-2.998998997393297,-2.9989989677654303,-2.9717159997488873,-2.9717159997488873,-2.9717159997488873,-2.9717159997488873,-2.9638349469815477,-2.877684944029928,-2.840210579978108,-2.7680508977609284,-2.759816378032873,-2.7252438587867394,-2.7252438587867394,-2.7252438587867394,-2.6973315477922055,-2.679756141095613,-2.533390208564902,-2.5309154206433426,-2.5103161721446505,-2.2841304474954818,-2.249941793700711,-2.2053194665268707,-2.202766491466021,-2.202766491466021,-2.202766491466021,-2.128151372192351,-2.0724613231806455,-2.059693480822533,-2.053835605146638,-1.9835629126052725,-1.9642733994315067,-1.8865289906305265,-1.7771489295891323,-1.7727802351251862,-1.762024723553552,-1.588578039831766,-1.565895247794188,-1.565895247794188,-1.5536168196989586,-1.5356863389331565,-1.5245649857030603,-1.5165562135893607,-1.5088645998608747,-1.4985668176671494,-1.4932204047865854,-1.4421779803630903,-1.0340994845545186,-0.8947815457063912,-0.8591701580820954,-0.8554826352075553,-0.6228994524782852,-0.6228994524782852,-0.6228994524782852,-0.6133357841887713,-0.6037241127275077,-0.5933293724641857,-0.5933293724641857,-0.5933293724641857,-0.5933293724641857,-0.5329618795819425,-0.49697167245892426,-0.49032970059626074,-0.43138738424415507,-0.2284691533779301,-0.15303451379105915,-0.15037041883653712,-0.12801528431207035,-0.07722500682621782,0.0,0.09385376630546008,1.6607598974262945,1.6886988188256997,2.0241032429748738
ABSOLUTE TOTAL CARE | MEDICAID MANAGED CARE,-3.5782648103942285,-3.5782648103942285,-3.5766461953168323,-3.192601906731097,-3.0928527636987573,-3.0928527636987573,-3.0928527636987573,-3.0928527340708905,-3.0655697660543475,-3.065569766054347,-3.065569766054347,-3.065569766054347,-3.0576887132870074,-2.971538710335388,-2.9340643462835683,-2.8619046640663885,-2.853670144338333,-2.8190976250921995,-2.8190976250921995,-2.8190976250921995,-2.7911853140976657,-2.7736099074010734,-2.627243974870362,-2.624769186948803,-2.6041699384501107,-2.377984213800942,-2.3437955600061713,-2.299173232832331,-2.2966202577714814,-2.2966202577714814,-2.2966202577714814,-2.222005138497811,-2.1663150894861056,-2.1535472471279933,-2.147689371452098,-2.077416678910733,-2.058127165736967,-1.9803827569359866,-1.8710026958945924,-1.8666340014306462,-1.8558784898590122,-1.682431806137226,-1.6597490140996483,-1.6597490140996483,-1.6474705860044188,-1.6295401052386167,-1.6184187520085205,-1.6104099798948206,-1.6027183661663347,-1.5924205839726093,-1.5870741710920455,-1.5360317466685505,-1.1279532508599788,-0.9886353120118513,-0.9530239243875556,-0.9493364015130153,-0.7167532187837453,-0.7167532187837453,-0.7167532187837453,-0.7071895504942315,-0.697577879032968,-0.6871831387696459,-0.6871831387696459,-0.6871831387696459,-0.6871831387696459,-0.6268156458874027,-0.5908254387643844,-0.5841834669017208,-0.5252411505496153,-0.32232291968339033,-0.24688828009651928,-0.24422418514199726,-0.22186905061753054,-0.17107877313167794,-0.09385376630546007,0.0,1.5669061311208343,1.5948450525202396,1.9302494766694136
UNITEDHEALTHCARE | MEDICAID,-5.145170941515063,-5.145170941515063,-5.143552326437667,-4.759508037851932,-4.659758894819592,-4.659758894819592,-4.659758894819592,-4.6597588651917246,-4.632475897175182,-4.632475897175182,-4.632475897175182,-4.632475897175182,-4.6245948444078415,-4.538444841456222,-4.500970477404403,-4.428810795187223,-4.420576275459167,-4.386003756213034,-4.386003756213034,-4.386003756213034,-4.3580914452185,-4.3405160385219075,-4.194150105991197,-4.191675318069637,-4.171076069570945,-3.9448903449217765,-3.9107016911270054,-3.8660793639531654,-3.8635263888923155,-3.8635263888923155,-3.8635263888923155,-3.7889112696186453,-3.7332212206069397,-3.720453378248828,-3.7145955025729323,-3.644322810031567,-3.625033296857801,-3.547288888056821,-3.437908827015427,-3.4335401325514807,-3.4227846209798463,-3.2493379372580606,-3.2266551452204824,-3.2266551452204824,-3.214376717125253,-3.196446236359451,-3.1853248831293546,-3.1773161110156547,-3.169624497287169,-3.1593267150934436,-3.15398030221288,-3.102937877789385,-2.694859381980813,-2.5555414431326855,-2.51993005550839,-2.5162425326338496,-2.2836593499045796,-2.2836593499045796,-2.2836593499045796,-2.2740956816150657,-2.264484010153802,-2.25408926989048,-2.25408926989048,-2.25408926989048,-2.25408926989048,-2.193721777008237,-2.1577315698852186,-2.1510895980225553,-2.0921472816704494,-1.8892290508042244,-1.8137944112173536,-1.8111303162628316,-1.7887751817383648,-1.7379849042525122,-1.6607598974262943,-1.5669061311208343,0.0,0.027938921399405302,0.3633433455485792
SUNSHINE STATE HEALTH PLAN | MEDICAID,-5.173109862914468,-5.173109862914468,-5.171491247837071,-4.787446959251337,-4.687697816218996,-4.687697816218996,-4.687697816218996,-4.68769778659113,-4.660414818574587,-4.660414818574587,-4.660414818574587,-4.660414818574587,-4.652533765807247,-4.566383762855628,-4.528909398803808,-4.4567497165866286,-4.4485151968585726,-4.413942677612439,-4.413942677612439,-4.413942677612439,-4.386030366617905,-4.368454959921313,-4.222089027390602,-4.219614239469042,-4.19901499097035,-3.9728292663211815,-3.938640612526411,-3.8940182853525704,-3.891465310291721,-3.891465310291721,-3.891465310291721,-3.816850191018051,-3.761160142006345,-3.748392299648233,-3.7425344239723377,-3.672261731430972,-3.6529722182572066,-3.575227809456226,-3.465847748414832,-3.4614790539508857,-3.4507235423792517,-3.2772768586574657,-3.254594066619888,-3.254594066619888,-3.242315638524658,-3.2243851577588565,-3.21326380452876,-3.20525503241506,-3.1975634186865745,-3.187265636492849,-3.181919223612285,-3.13087679918879,-2.7227983033802183,-2.583480364532091,-2.547868976907795,-2.544181454033255,-2.3115982713039847,-2.3115982713039847,-2.3115982713039847,-2.302034603014471,-2.2924229315532076,-2.282028191289885,-2.282028191289885,-2.282028191289885,-2.282028191289885,-2.2216606984076424,-2.185670491284624,-2.1790285194219607,-2.120086203069855,-1.9171679722036299,-1.8417333326167589,-1.8390692376622368,-1.81671410313777,-1.7659238256519176,-1.6886988188256997,-1.5948450525202396,-0.027938921399405264,0.0,0.3354044241491738
AETNA | MEDICAID MANAGED CARE,-5.508514287063642,-5.508514287063642,-5.506895671986245,-5.122851383400511,-5.02310224036817,-5.02310224036817,-5.02310224036817,-5.023102210740304,-4.995819242723761,-4.995819242723761,-4.995819242723761,-4.995819242723761,-4.987938189956421,-4.901788187004802,-4.864313822952981,-4.792154140735803,-4.783919621007747,-4.749347101761613,-4.749347101761613,-4.749347101761613,-4.721434790767079,-4.703859384070487,-4.557493451539775,-4.555018663618216,-4.534419415119524,-4.308233690470355,-4.274045036675584,-4.229422709501744,-4.2268697344408945,-4.2268697344408945,-4.2268697344408945,-4.152254615167225,-4.096564566155519,-4.083796723797406,-4.077938848121511,-4.0076661555801465,-3.9883766424063802,-3.9106322336054,-3.801252172564006,-3.7968834781000598,-3.7861279665284258,-3.6126812828066397,-3.5899984907690614,-3.5899984907690614,-3.577720062673832,-3.55978958190803,-3.5486682286779336,-3.540659456564234,-3.532967842835748,-3.5226700606420227,-3.517323647761459,-3.466281223337964,-3.0582027275293924,-2.918884788681265,-2.883273401056969,-2.879585878182429,-2.6470026954531587,-2.6470026954531587,-2.6470026954531587,-2.6374390271636448,-2.6278273557023812,-2.6174326154390593,-2.6174326154390593,-2.6174326154390593,-2.6174326154390593,-2.557065122556816,-2.521074915433798,-2.5144329435711343,-2.4554906272190284,-2.2525723963528037,-2.1771377567659327,-2.174473661811411,-2.152118527286944,-2.1013282498010915,-2.0241032429748738,-1.9302494766694136,-0.36334334554857917,-0.33540442414917393,0.0
